0.0,0.99,500000,13301.813214285865,421,684134,1159.616651058197
0.0,0.99,500000,13913.657142857335,441,729694,1179.0394396781921
0.0,0.99,500000,12648.416428571563,428,694860,1207.4947369098663
0.0,0.99,500000,13124.359285714494,422,692220,1230.0696074962616
0.0,0.99,500000,13411.826785714456,415,676894,1229.9083471298218
0.1,0.99,500000,11917.514285714424,418,690426,1047.75759100914
0.0,0.99,500000,12948.679285714448,402,676708,1240.848310470581
0.1,0.99,500000,11388.060357142966,412,668242,992.7717225551605
0.1,0.99,500000,11191.16142857148,409,663100,1023.2094008922577
0.1,0.99,500000,11333.398571428685,409,683526,1020.849720954895
0.1,0.99,500000,12617.453571428743,423,691478,1150.6680567264557
0.2,0.99,500000,9995.549642857191,414,656336,893.7685158252716
0.2,0.99,500000,11296.26714285724,411,672152,936.7992227077484
0.2,0.99,500000,10753.748214285759,416,671730,926.5231003761292
0.1,0.99,500000,11424.487142857168,427,673610,1002.7916781902313
0.2,0.99,500000,11173.849642857213,415,651526,983.960741519928
0.2,0.99,500000,10449.128571428626,415,677198,911.2276430130005
0.3,0.99,500000,9470.811428571444,419,666828,810.70254945755
0.3,0.99,500000,9584.486785714327,406,652982,821.020055770874
0.3,0.99,500000,9727.424285714305,411,661226,820.5288915634155
0.2,0.99,500000,10448.753928571436,413,668292,958.3474996089935
0.3,0.99,500000,9528.191071428608,411,681440,810.6114068031311
0.3,0.99,500000,9219.150714285688,404,650310,823.4147429466248
0.4,0.99,500000,9010.401071428585,427,657744,800.3239526748657
0.4,0.99,500000,8732.916428571456,425,680874,777.7775990962982
0.4,0.99,500000,8417.941071428568,413,670352,751.431348323822
0.4,0.99,500000,8686.889642857142,421,685276,770.3596587181091
0.3,0.99,500000,9824.723214285723,408,665462,827.5612511634827
0.4,0.99,500000,8694.11214285714,408,655464,759.4405767917633
0.5,0.99,500000,8397.848928571446,408,661728,745.0202016830444
0.5,0.99,500000,8075.460000000007,425,667096,740.7310621738434
0.5,0.99,500000,8330.071428571424,412,650774,733.0422303676605
0.5,0.99,500000,8392.218571428595,421,648890,755.7833559513092
0.4,0.99,500000,8659.946428571448,420,647302,767.959210395813
0.5,0.99,500000,8144.748571428581,423,672310,746.809413433075
0.6,0.99,500000,8065.373928571428,419,671722,726.3423211574554
0.6,0.99,500000,7879.9164285714305,430,669214,704.5807917118073
0.6,0.99,500000,7783.289285714277,434,669298,714.1650199890137
0.6,0.99,500000,7963.764285714281,442,689274,708.8992884159088
0.5,0.99,500000,8595.093571428575,414,654544,745.0705196857452
0.6,0.99,500000,7954.641785714274,450,691104,729.7800755500793
0.7,0.99,500000,7534.772499999979,431,661236,690.1294050216675
0.7,0.99,500000,7760.202857142829,442,661964,696.1219854354858
0.7,0.99,500000,7794.5857142856985,432,655782,703.911735534668
0.7,0.99,500000,7802.284999999983,438,658798,695.7785320281982
0.6,0.99,500000,7787.30071428574,437,688538,720.335497379303
0.7,0.99,500000,7481.774642857149,440,693108,684.5100820064545
0.8,0.99,500000,7373.987499999988,458,689952,689.1049163341522
0.8,0.99,500000,7558.111071428575,436,677112,683.3970806598663
0.8,0.99,500000,7544.849642857139,446,678690,682.246682882309
0.8,0.99,500000,7337.190714285697,432,680982,669.1785979270935
0.7,0.99,500000,7777.119999999993,429,666450,697.1655128002167
0.8,0.99,500000,7433.644285714296,456,688872,670.2706444263458
0.9,0.99,500000,7555.428214285713,449,688168,683.7407810688019
0.9,0.99,500000,7469.924999999979,446,663812,674.7797818183899
0.9,0.99,500000,7490.597857142844,450,686000,677.966655254364
0.9,0.99,500000,7456.04357142854,440,701214,690.585399389267
0.8,0.99,500000,7311.151785714282,441,697706,680.3746628761292
0.9,0.99,500000,7473.622142857134,423,659210,669.4577927589417
1.0,0.99,500000,6906.553928571412,620,829236,663.4975392818451
1.0,0.99,500000,7035.147857142873,874,927622,653.8545536994934
1.0,0.99,500000,7097.524642857147,684,790592,656.4617228507996
1.0,0.99,500000,7240.461071428583,683,799030,665.4416763782501
0.9,0.99,500000,7157.423928571426,481,725006,680.1337578296661
1.0,0.99,500000,7182.092142857148,596,830620,659.7388019561768
1.0,0.99,500000,7169.331071428548,657,832312,664.8272049427032
0.0,0.99,1000000,13215.816071428795,400,686980,2439.6110560894012
0.0,0.99,1000000,14309.550357143156,406,682756,2672.0745334625244
0.0,0.99,1000000,14441.630357143138,398,687098,2724.389935016632
0.0,0.99,1000000,13565.562142857363,391,662908,2514.1245863437653
0.0,0.99,1000000,14380.872142857264,401,680828,2809.80370593071
0.0,0.99,1000000,14227.655714285958,394,676370,2892.8168244361877
0.1,0.99,1000000,12563.623214285853,395,665424,2188.1566848754883
0.1,0.99,1000000,12102.451785714353,412,679232,2160.1928124427795
0.1,0.99,1000000,12539.043928571595,414,692880,2271.0302703380585
0.1,0.99,1000000,12948.642142857298,386,665042,2370.1048953533173
0.1,0.99,1000000,12650.727857143009,399,684528,2399.9694743156433
0.1,0.99,1000000,13228.066785714482,418,703276,2242.3514816761017
0.2,0.99,1000000,10951.300357142962,404,654170,1922.033241033554
0.2,0.99,1000000,11146.811428571486,395,654316,1881.6912229061127
0.2,0.99,1000000,11080.458214285713,395,658336,2000.79665184021
0.2,0.99,1000000,11621.342142857264,404,681356,1977.4326086044312
0.2,0.99,1000000,11168.451071428626,396,668402,1928.8007719516754
0.2,0.99,1000000,11109.556785714318,398,656782,1847.2164330482483
0.3,0.99,1000000,9784.602857142923,399,653496,1697.4262909889221
0.3,0.99,1000000,10123.316785714285,402,657284,1709.6826786994934
0.0,0.99,500000,13082.008928571591,418,724590,1109.2470126152039
0.3,0.99,1000000,9530.257500000042,416,674308,1655.5478692054749
0.3,0.99,1000000,10400.359642857204,405,663624,1778.675947189331
0.0,0.99,500000,13048.119642857333,433,692662,1123.252952337265
0.1,0.99,500000,11320.240357142933,409,665012,866.8074340820312
0.3,0.99,1000000,9726.756785714335,416,671462,1656.087899684906
0.3,0.99,1000000,9653.31642857146,393,649848,1647.7627730369568
0.4,0.99,1000000,8866.279642857144,409,663082,1521.4662878513336
0.4,0.99,1000000,8988.77392857143,408,663420,1473.8950624465942
0.1,0.99,500000,11709.55571428583,415,665726,985.9010443687439
0.2,0.99,500000,10562.316071428622,422,686750,865.2340714931488
0.4,0.99,1000000,8795.39607142858,409,667570,1537.081248998642
0.4,0.99,1000000,8724.756071428566,415,670960,1461.9170649051666
0.3,0.99,500000,8934.79357142857,404,653224,730.4905049800873
0.2,0.99,500000,10667.853571428599,401,662792,871.0857272148132
0.4,0.99,1000000,8816.292142857159,397,647766,1538.5647492408752
0.4,0.99,1000000,8740.06571428574,399,644754,1491.5756952762604
0.5,0.99,1000000,8445.265714285702,387,623840,1381.5776498317719
0.5,0.99,1000000,9046.175000000021,406,677600,1500.0802478790283
0.0,0.99,500000,13113.946071428692,405,677670,1086.6327216625214
0.4,0.99,500000,8944.857142857143,407,657014,695.709308385849
0.5,0.99,1000000,8533.123214285724,402,651406,1462.010171175003
0.3,0.99,500000,9347.605357142882,405,659818,759.6753385066986
0.5,0.99,1000000,8410.719285714295,421,668774,1444.7454726696014
0.0,0.99,500000,13139.402500000137,419,695514,1113.433388710022
0.5,0.99,500000,8119.943571428547,432,678580,666.8490657806396
0.5,0.99,1000000,8200.773571428563,399,640404,1407.955342054367
0.1,0.99,500000,11504.340000000027,396,660094,973.1161251068115
0.4,0.99,500000,8895.332857142888,422,667704,712.969354391098
0.5,0.99,1000000,8201.882857142868,414,671958,1412.7183985710144
0.6,0.99,1000000,8203.920000000004,397,642576,1413.687732219696
0.6,0.99,1000000,8127.241071428552,418,666554,1403.6292388439178
0.1,0.99,500000,12292.202857142935,401,670550,1044.5419049263
0.6,0.99,500000,8006.786428571405,444,711228,638.7131242752075
0.6,0.99,1000000,7892.724285714275,402,658610,1386.5744559764862
0.5,0.99,500000,8479.29035714288,415,661740,677.6631960868835
0.6,0.99,1000000,8314.737499999997,414,666828,1396.7524638175964
0.2,0.99,500000,10128.43285714293,422,667266,849.0909466743469
0.7,0.99,500000,7532.59821428571,437,697516,628.0452902317047
0.2,0.99,500000,10081.747142857204,423,668592,883.6406590938568
0.6,0.99,1000000,8047.804285714272,416,673978,1368.78609085083
0.6,0.99,500000,7893.860714285714,432,665588,643.5673229694366
0.0,0.99,500000,13112.927500000145,417,664024,1134.6822147369385
0.6,0.99,1000000,7862.031785714259,409,644508,1349.5093545913696
0.7,0.99,1000000,7892.373571428533,432,665816,1313.9904518127441
0.7,0.99,1000000,7656.3378571428775,392,654276,1335.9141793251038
0.3,0.99,500000,9302.740000000016,417,661532,807.9504418373108
0.8,0.99,500000,7629.417857142862,466,722700,619.3466196060181
0.7,0.99,1000000,7918.631428571395,426,667686,1287.8355150222778
0.7,0.99,500000,7719.463214285703,453,677876,648.5893409252167
0.7,0.99,1000000,7931.570000000006,418,659684,1346.7367885112762
0.3,0.99,500000,9512.416071428617,418,656204,802.2481033802032
0.0,0.99,500000,13709.427142857301,436,716596,1203.5136318206787
0.9,0.99,500000,7574.239999999968,447,687806,609.7743699550629
0.4,0.99,500000,8771.239999999994,415,644484,729.580201625824
0.0,0.99,500000,13671.72214285738,422,692500,1231.5222623348236
0.0,0.99,500000,13771.981071428809,431,696904,1260.7860283851624
0.0,0.99,500000,13198.572857143017,414,682926,1166.0313346385956
0.1,0.99,500000,12469.097142857254,412,690300,1095.914589881897
0.8,0.99,500000,7466.919999999974,459,678616,632.7885024547577
0.7,0.99,1000000,8046.561785714263,427,661174,1341.4344322681427
0.0,0.99,500000,14005.004642857368,417,686444,1316.104657649994
0.0,0.99,500000,12984.027857143008,445,714480,1114.7496497631073
0.7,0.99,1000000,7768.870714285709,440,685566,1317.8907239437103
0.4,0.99,500000,8751.393928571473,406,651714,734.8715331554413
0.8,0.99,1000000,7460.05214285713,422,667188,1293.8044254779816
0.0,0.99,500000,13112.740357143044,408,671380,1146.1350350379944
0.8,0.99,1000000,7587.036071428559,432,686852,1311.1159498691559
0.0,0.99,500000,12987.37928571436,402,675588,1182.2454850673676
1.0,0.99,500000,7178.169285714294,660,819582,597.3284945487976
0.5,0.99,500000,8143.204642857126,418,649462,691.1323969364166
0.0,0.99,500000,13645.550714285982,411,684410,1239.4761254787445
0.0,0.99,500000,13566.197857143019,420,678956,1191.370923280716
0.1,0.99,500000,11840.952142857224,416,677942,1024.0151989459991
0.9,0.99,500000,7395.105714285682,439,682934,618.2026546001434
0.8,0.99,1000000,7596.501428571427,428,674718,1305.8301711082458
0.0,0.99,500000,13265.765714285806,419,695576,1266.5628445148468
0.8,0.99,1000000,7652.482857142831,429,679086,1306.3075594902039
0.0,0.99,500000,13401.8589285716,428,682966,1214.1899845600128
0.1,0.99,500000,10978.942142857197,393,670602,973.9200496673584
0.1,0.99,500000,11440.037142857214,401,660114,967.4853985309601
0.0,0.99,500000,13743.050000000148,439,704950,1178.4305593967438
0.2,0.99,500000,10284.662857142894,410,665278,885.1392464637756
0.1,0.99,500000,11357.415000000075,415,681624,1058.7412972450256
0.5,0.99,500000,8172.2157142857095,419,656660,686.3653724193573
0.0,0.99,500000,12754.159285714437,418,702374,1194.104371547699
0.0,0.99,500000,12487.843928571512,436,684054,1172.0761666297913
0.0,0.99,500000,12355.391785714382,416,680924,1150.4760508537292
0.0,0.99,500000,13872.342500000248,428,702518,1292.078532218933
0.1,0.99,500000,10862.177500000083,407,662636,960.0981845855713
0.6,0.99,500000,7976.575357142862,431,683454,663.9238314628601
1.0,0.99,500000,7007.083214285708,727,947170,601.7432825565338
0.0,0.99,500000,12131.211785714358,430,697324,1150.9688692092896
0.1,0.99,500000,11425.112142857282,429,679684,1022.2292940616608
0.1,0.99,500000,11228.232142857207,418,677952,989.9057495594025
0.1,0.99,500000,11313.813928571535,407,663786,983.2287836074829
0.8,0.99,1000000,7666.529642857163,420,661844,1292.4999468326569
0.0,0.99,500000,14187.883928571648,444,720072,1291.9514498710632
0.1,0.99,500000,11148.360000000062,412,666042,945.133912563324
0.2,0.99,500000,10462.028571428596,403,666112,904.7440016269684
0.8,0.99,1000000,7558.081428571423,422,670294,1298.4660592079163
0.1,0.99,500000,11486.698571428624,412,687598,970.9953026771545
0.9,0.99,1000000,7432.843214285719,429,684022,1283.0565478801727
0.9,0.99,1000000,7271.776071428557,459,709154,1249.6968619823456
0.6,0.99,500000,7715.767142857136,433,689110,674.9559142589569
0.2,0.99,500000,10770.658214285746,405,663728,871.3501887321472
0.3,0.99,500000,9108.9025,407,627544,798.0040249824524
0.1,0.99,500000,11555.805714285814,413,669672,1012.0026504993439
0.2,0.99,500000,10614.809285714355,419,669878,882.114848613739
0.2,0.99,500000,10256.013571428603,411,647704,850.4845545291901
0.7,0.99,500000,7643.262857142844,435,668376,654.7254908084869
0.1,0.99,500000,12615.066071428668,412,695532,1102.8866369724274
0.1,0.99,500000,12011.685357142911,416,673004,1016.4890806674957
0.9,0.99,1000000,7242.369999999985,436,715298,1278.61674284935
0.1,0.99,500000,11232.601785714342,407,658144,958.5245666503906
0.2,0.99,500000,10377.310714285812,412,671438,922.994562625885
0.1,0.99,500000,11418.127142857255,413,677714,1028.784244775772
0.9,0.99,1000000,7431.7899999999845,419,663582,1278.4540073871613
0.1,0.99,500000,11578.155000000172,416,678368,1049.147534608841
0.1,0.99,500000,12537.022142857311,427,680792,1119.0213034152985
0.2,0.99,500000,10275.171071428618,417,671056,903.8002593517303
0.2,0.99,500000,10368.133214285737,418,681090,875.3966093063354
0.7,0.99,500000,7652.39464285716,443,680168,655.8267118930817
0.2,0.99,500000,10742.131071428625,427,692200,961.116450548172
0.1,0.99,500000,12348.72928571443,420,666034,1063.5465660095215
0.2,0.99,500000,10773.616785714321,419,663360,894.696542263031
0.3,0.99,500000,9568.26964285717,412,668104,823.1078870296478
0.2,0.99,500000,10339.137500000044,417,665348,821.3302381038666
0.8,0.99,500000,7553.005357142843,458,704494,636.4245297908783
0.4,0.99,500000,8625.599285714283,425,665866,754.4170777797699
0.1,0.99,500000,11965.503214285773,407,682546,1042.222333431244
0.3,0.99,500000,9050.5085714286,406,655020,785.0428421497345
0.3,0.99,500000,9273.9760714286,415,653224,775.5820605754852
0.0,0.99,1000000,13290.097857143033,396,664138,2217.3007633686066
0.2,0.99,500000,10709.33464285718,412,653628,911.6393423080444
0.3,0.99,500000,9281.194642857132,417,640774,850.6709954738617
0.9,0.99,1000000,7404.57571428571,435,685310,1281.645247220993
0.3,0.99,500000,9161.976785714327,407,647906,786.1098146438599
0.2,0.99,500000,10220.970000000048,409,662136,881.9263622760773
0.2,0.99,500000,10341.509642857185,401,707048,894.0729303359985
1.0,0.99,1000000,7029.678928571449,651,779280,1236.3900525569916
1.0,0.99,1000000,7157.444285714294,915,842006,1224.798262834549
0.9,0.99,1000000,7489.780357142862,427,663430,1296.044627904892
0.2,0.99,500000,10381.055357142892,421,660410,918.2404978275299
0.2,0.99,500000,9995.530000000037,417,650760,874.0688648223877
0.8,0.99,500000,7378.931071428547,436,683308,645.0886399745941
0.2,0.99,500000,10305.386071428631,404,655468,879.8429474830627
0.3,0.99,500000,9493.495714285771,403,646404,805.7306377887726
0.3,0.99,500000,9581.52821428576,410,659886,790.3319878578186
0.2,0.99,500000,10878.045714285743,403,675802,930.4072246551514
0.9,0.99,500000,7299.233214285704,459,704474,644.0464279651642
0.3,0.99,500000,9930.07535714292,415,659712,794.0883061885834
0.4,0.99,500000,8750.962857142857,431,672968,778.6443350315094
0.3,0.99,500000,9264.482500000022,420,665450,770.9390697479248
1.0,0.99,1000000,7226.054285714296,645,835712,1240.3219673633575
0.3,0.99,500000,9761.99750000004,418,677286,866.0896790027618
0.5,0.99,500000,8435.251071428573,422,665816,732.7501065731049
0.4,0.99,500000,8912.013571428572,417,673910,727.0512776374817
0.2,0.99,500000,10093.949285714303,405,649238,892.8235182762146
0.4,0.99,500000,8744.96928571431,421,655428,778.925528049469
1.0,0.99,1000000,7307.483214285722,863,806786,1259.4368467330933
0.2,0.99,500000,10556.921428571526,409,670936,912.7833614349365
0.4,0.99,500000,8526.158928571404,404,648552,767.8993246555328
0.3,0.99,500000,9447.005714285722,425,647078,796.3065707683563
0.4,0.99,500000,8836.754285714314,410,657306,770.8664126396179
0.9,0.99,500000,7435.304285714257,452,694792,625.0755269527435
0.0,0.99,1000000,14123.165000000236,412,690692,2317.416738510132
0.3,0.99,500000,9638.632142857157,423,671104,799.0269460678101
0.3,0.99,500000,9418.622142857173,420,679976,804.4464485645294
0.3,0.99,500000,9556.56321428579,415,671618,837.6510870456696
1.0,0.99,500000,7161.18785714287,639,805062,620.0041809082031
0.4,0.99,500000,8737.461428571447,445,695872,743.3970761299133
0.3,0.99,500000,9667.012500000043,413,662846,871.5011014938354
0.4,0.99,500000,8882.990714285717,416,665688,769.3908631801605
0.3,0.99,500000,9914.147500000061,410,669164,850.2173535823822
0.3,0.99,500000,9075.242500000018,406,642958,820.0263814926147
0.5,0.99,500000,7988.2757142857445,430,678554,712.6550290584564
0.4,0.99,500000,8885.908928571449,432,670324,734.2724912166595
0.4,0.99,500000,8467.41392857144,434,677648,718.8262813091278
0.6,0.99,500000,7927.6282142857235,436,673954,683.8502206802368
0.5,0.99,500000,8265.216071428595,425,651112,700.3839464187622
1.0,0.99,1000000,7246.032857142862,699,797922,1268.4947483539581
0.4,0.99,500000,8638.426071428561,426,660752,772.5214788913727
0.5,0.99,500000,8546.68071428571,449,684886,738.5176367759705
0.3,0.99,500000,9296.311071428594,419,665416,789.2971971035004
1.0,0.99,1000000,7012.5492857142945,619,771924,1257.9384241104126
0.5,0.99,500000,8231.611428571423,437,682606,726.6396238803864
1.0,0.99,500000,7090.008214285715,614,820376,617.5228114128113
0.4,0.99,500000,8960.05285714289,407,648234,783.4876477718353
0.3,0.99,500000,9620.24249999999,435,693580,835.0091571807861
0.5,0.99,500000,8060.309285714274,427,669612,714.9149141311646
0.4,0.99,500000,8839.813214285747,421,672152,732.0912621021271
0.4,0.99,500000,8757.770000000015,420,669178,753.6149225234985
0.5,0.99,500000,8436.831071428602,423,657226,698.8855090141296
0.4,0.99,500000,8675.521785714294,416,661268,742.17689204216
0.5,0.99,500000,8275.190357142857,433,662990,712.2562210559845
0.4,0.99,500000,8757.106428571427,424,670322,763.3326025009155
0.1,0.99,1000000,12281.743571428686,401,655196,1937.254089832306
0.6,0.99,500000,7925.950357142879,426,669234,686.5285727977753
0.7,0.99,500000,7957.264642857162,422,649644,689.1371459960938
0.5,0.99,500000,8122.88464285715,436,697892,699.1978929042816
0.5,0.99,500000,8553.339285714295,422,663792,699.5296654701233
0.6,0.99,500000,7704.675714285741,427,685382,680.1796011924744
0.4,0.99,500000,8661.687500000013,397,653396,786.7674841880798
0.4,0.99,500000,8758.573928571443,415,662018,783.8991136550903
0.5,0.99,500000,8268.441071428606,413,661764,714.2093558311462
0.6,0.99,500000,8316.202857142862,426,687814,702.1969604492188
0.4,0.99,500000,8584.53821428573,435,666158,758.3338468074799
0.6,0.99,500000,7833.665714285712,415,664444,703.8318457603455
0.5,0.99,500000,8210.603214285728,425,671546,716.1957607269287
0.6,0.99,500000,8008.553571428573,441,683654,714.0333614349365
0.4,0.99,500000,8890.71642857148,413,656182,757.2458236217499
0.5,0.99,500000,8698.163928571441,431,686644,707.8772945404053
0.6,0.99,500000,8174.186071428568,441,675688,672.04172539711
0.5,0.99,500000,8699.77642857146,423,657522,744.2074739933014
0.5,0.99,500000,8352.636428571435,408,648594,736.6474266052246
0.6,0.99,500000,8096.429642857155,421,657068,718.5939629077911
0.8,0.99,500000,7462.026071428552,448,696354,657.9295237064362
0.5,0.99,500000,8154.417857142855,426,681024,722.8226330280304
0.6,0.99,500000,7975.298571428584,443,690500,661.5506377220154
0.7,0.99,500000,8011.638571428567,422,677820,694.509685754776
0.6,0.99,500000,8046.332500000003,406,640810,680.6326985359192
0.7,0.99,500000,7667.70500000001,438,675228,655.8756365776062
0.5,0.99,500000,8365.998214285706,421,645412,737.0711574554443
0.6,0.99,500000,7978.872857142868,431,671188,704.598724603653
0.7,0.99,500000,7811.344642857142,436,679344,680.2307374477386
0.5,0.99,500000,8435.887142857167,414,648724,744.5323345661163
0.5,0.99,500000,8375.599642857143,435,668996,726.9076585769653
0.7,0.99,500000,7711.15285714288,438,698622,687.5293800830841
0.6,0.99,500000,8114.116785714284,435,659488,715.8147766590118
0.7,0.99,500000,7685.994285714277,427,673984,695.7529072761536
0.5,0.99,500000,8092.890357142863,433,670316,732.0310034751892
0.6,0.99,500000,8015.827500000017,422,661800,699.4986789226532
0.7,0.99,500000,7752.870357142846,449,671998,661.0865008831024
0.6,0.99,500000,7949.093928571431,435,688704,696.5573723316193
0.1,0.99,1000000,12897.752857142985,413,668028,2258.9235723018646
0.7,0.99,500000,7641.155714285727,434,685258,641.1661434173584
0.9,0.99,500000,7384.025714285705,442,704888,662.0735676288605
0.6,0.99,500000,7996.396428571429,442,686468,702.5705118179321
0.7,0.99,500000,7865.066428571418,439,706416,691.1967689990997
0.8,0.99,500000,7526.959999999985,429,664634,665.3844239711761
0.8,0.99,500000,7535.363928571428,461,728162,653.4539754390717
0.7,0.99,500000,7705.808571428551,449,680390,674.2726533412933
0.6,0.99,500000,7813.292142857133,435,671104,712.5667870044708
0.8,0.99,500000,7571.065357142848,431,672292,660.7029693126678
0.6,0.99,500000,8130.841428571412,413,668916,711.5062909126282
0.7,0.99,500000,7912.489999999986,431,666834,674.2416462898254
0.0,0.99,1000000,13305.674285714504,390,648030,2355.4166519641876
0.6,0.99,500000,7904.681428571413,428,681000,700.1691107749939
0.8,0.99,500000,7610.6192857142905,437,681154,671.1572358608246
0.6,0.99,500000,8061.222857142871,419,639870,719.8789803981781
0.2,0.99,1000000,11921.722500000056,405,666040,1775.3638679981232
0.8,0.99,500000,7524.326071428555,434,676070,657.4901769161224
0.7,0.99,500000,7689.1564285714185,452,694686,702.3320159912109
0.7,0.99,500000,7517.197142857163,439,676124,661.2009046077728
0.8,0.99,500000,7678.0617857143025,447,672364,650.2715003490448
0.6,0.99,500000,7950.557500000018,448,699386,701.537121295929
0.7,0.99,500000,7649.072857142851,432,677684,690.5674660205841
0.8,0.99,500000,7475.417499999997,464,704626,646.8129007816315
1.0,0.99,500000,6990.042142857129,597,869520,641.1871438026428
0.9,0.99,500000,7460.541428571414,447,680110,637.1031012535095
0.9,0.99,500000,7254.997142857128,466,702286,653.6244733333588
0.8,0.99,500000,7586.008214285689,462,692706,637.8302068710327
0.7,0.99,500000,7899.899642857134,429,663300,700.0582988262177
0.8,0.99,500000,7500.0157142857,454,672174,694.6051371097565
0.7,0.99,500000,7789.654285714285,420,655608,692.699036359787
0.9,0.99,500000,7138.585714285712,469,693534,649.3636341094971
0.7,0.99,500000,7493.062142857132,445,685146,685.8846263885498
0.8,0.99,500000,7460.032499999984,460,682460,689.7213871479034
0.7,0.99,500000,7634.051071428571,429,679576,700.0633652210236
0.9,0.99,500000,7303.129285714295,471,700484,658.2755362987518
0.7,0.99,500000,7823.774642857136,421,645266,693.4987733364105
0.0,0.99,1000000,14234.421785714443,396,678586,2776.269732236862
0.9,0.99,500000,7512.440714285717,454,703474,669.7707803249359
0.8,0.99,500000,7530.974285714282,445,681866,638.2794244289398
0.8,0.99,500000,7637.582857142845,454,684136,687.1678102016449
0.9,0.99,500000,7353.6596428571265,443,663224,632.0264317989349
0.7,0.99,500000,7729.364999999993,441,672840,689.8158366680145
0.9,0.99,500000,7388.214642857117,459,697720,623.6900537014008
0.8,0.99,500000,7403.958571428562,430,652188,674.011120557785
1.0,0.99,500000,7052.351071428579,630,886580,619.464075088501
0.9,0.99,500000,7341.341071428562,444,687256,637.531923532486
1.0,0.99,500000,7118.640000000002,640,821036,655.8678970336914
0.9,0.99,500000,7352.605357142844,462,735448,656.5773394107819
0.8,0.99,500000,7420.758214285698,429,670670,676.4998717308044
0.8,0.99,500000,7500.062142857139,455,695498,682.8523807525635
1.0,0.99,500000,7000.5492857142835,641,849318,648.916906118393
0.8,0.99,500000,7558.204642857115,459,682192,665.317934513092
0.9,0.99,500000,7411.554642857123,440,674328,670.8981142044067
0.8,0.99,500000,7559.597142857151,453,685988,677.6685390472412
1.0,0.99,500000,7107.942857142882,680,773170,665.3134634494781
0.2,0.99,1000000,11025.63750000001,398,671282,1695.5392994880676
0.8,0.99,500000,7464.021071428578,450,696576,663.3522353172302
1.0,0.99,500000,7185.059999999984,635,840950,661.8589541912079
0.9,0.99,500000,7523.989642857102,447,697162,632.8338451385498
1.0,0.99,500000,7000.690000000017,662,835088,625.4405331611633
0.9,0.99,500000,7373.172142857124,434,687152,659.1360914707184
0.8,0.99,500000,7448.622142857114,440,661964,662.2242846488953
1.0,0.99,500000,6967.606071428555,635,836176,622.9143500328064
0.3,0.99,1000000,9804.01571428571,411,661384,1497.2884068489075
1.0,0.99,500000,7125.75392857144,661,817482,626.2704603672028
0.9,0.99,500000,7255.673571428555,451,693652,672.8260300159454
1.0,0.99,500000,6990.419285714296,639,836566,647.9831292629242
0.9,0.99,500000,7290.613571428565,459,712880,660.4781000614166
0.9,0.99,500000,7155.665714285703,439,672614,667.4188091754913
0.9,0.99,500000,7298.588928571425,449,692184,658.3907330036163
1.0,0.99,500000,6964.670714285719,713,845056,653.8596851825714
0.9,0.99,500000,7347.639642857116,435,674808,666.8427586555481
0.1,0.99,1000000,12752.916785714435,399,670196,2088.108174800873
0.9,0.99,500000,7220.98499999998,459,685874,661.815018415451
1.0,0.99,500000,6981.532142857138,580,809702,624.6099417209625
1.0,0.99,500000,7076.459642857143,634,882216,666.3115730285645
0.9,0.99,500000,7557.082500000003,428,664032,659.0010180473328
1.0,0.99,500000,7158.306785714286,731,813192,654.0947632789612
1.0,0.99,500000,7300.512857142835,863,805898,646.8431272506714
1.0,0.99,500000,7166.7803571428585,693,810214,663.453396320343
1.0,0.99,500000,7243.691785714284,787,813522,671.9838626384735
1.0,0.99,500000,6990.8189285714425,680,843376,660.2360751628876
1.0,0.99,500000,7159.884642857158,631,940912,642.0114874839783
0.3,0.99,1000000,9857.890714285773,398,646846,1454.3524374961853
0.1,0.99,1000000,12381.94321428588,403,668030,2059.9889755249023
1.0,0.99,500000,7171.223214285704,916,777386,656.0105335712433
0.0,0.99,1000000,14395.51892857162,393,683020,2598.216347694397
0.4,0.99,1000000,9059.830714285757,412,653030,1360.8429877758026
0.2,0.99,1000000,10632.732500000082,388,644196,1675.0852448940277
0.0,0.99,1000000,14975.971428571731,417,703264,2863.406491994858
0.0,0.99,1000000,14144.13821428596,410,693156,2835.4811646938324
0.0,0.99,1000000,14246.686785714517,378,669480,2717.1117334365845
0.0,0.99,1000000,13938.116071428803,415,675912,2462.4256613254547
0.0,0.99,1000000,13579.55857142873,405,684350,2427.5608172416687
0.0,0.99,1000000,14167.91928571451,399,658904,2769.0726261138916
0.0,0.99,1000000,14151.824642857337,401,669530,2639.7837224006653
0.4,0.99,1000000,9487.251785714294,404,657132,1403.2759380340576
0.5,0.99,1000000,8199.88357142858,414,666662,1252.9762780666351
0.0,0.99,1000000,14764.022142857322,407,693334,2891.4572541713715
0.0,0.99,1000000,14343.125000000191,399,692798,2761.0968828201294
0.0,0.99,1000000,14340.53571428591,402,688886,2670.7750079631805
0.2,0.99,1000000,11687.724642857243,416,675792,1835.0146510601044
0.0,0.99,1000000,14471.03000000027,394,667682,2600.774745464325
0.0,0.99,1000000,13720.551785714439,409,710688,2726.951226711273
0.1,0.99,1000000,12148.387500000146,403,675390,2106.8268432617188
0.0,0.99,1000000,14262.295357143055,412,690590,2727.5985431671143
0.3,0.99,1000000,9971.31392857149,411,676776,1561.4298374652863
0.0,0.99,1000000,14591.151785714503,413,705226,2703.2836062908173
0.0,0.99,1000000,14096.440714285955,414,673388,2954.437209367752
0.0,0.99,1000000,14956.057142857358,426,714514,2914.093726873398
0.0,0.99,1000000,14529.561071428747,394,679516,2820.4771695137024
0.6,0.99,1000000,8118.93642857142,406,636496,1236.8138201236725
0.0,0.99,1000000,13155.113214285853,387,659066,2585.5101397037506
0.5,0.99,1000000,8625.846071428568,416,656880,1313.5653712749481
0.0,0.99,1000000,14534.424642857373,393,700916,2823.212737083435
0.1,0.99,1000000,12485.35678571438,382,663364,2127.129645586014
0.0,0.99,3000000,14868.638214285938,386,678382,9358.502394199371
0.0,0.99,3000000,14409.517142857356,372,658634,9393.752954006195
0.1,0.99,1000000,12853.847142857263,399,669590,2037.0798933506012
0.1,0.99,1000000,12700.362500000123,396,689734,2233.921906709671
0.1,0.99,1000000,13028.167142857314,403,690418,2301.1689035892487
0.1,0.99,1000000,12941.900714285855,405,702292,2108.269345998764
0.1,0.99,1000000,12875.945714285914,409,687926,2189.410784482956
0.3,0.99,1000000,10279.585000000085,405,659016,1605.8030288219452
0.1,0.99,1000000,12337.688214285843,401,671964,2351.786880016327
0.0,0.99,3000000,14341.177142857438,390,671058,9556.151295900345
0.1,0.99,1000000,12327.64178571441,384,643360,2215.5864641666412
0.4,0.99,1000000,8342.53571428573,410,652548,1402.608906507492
0.7,0.99,1000000,7784.095357142838,435,698880,1195.052832365036
0.1,0.99,1000000,13160.692857143044,396,659104,2230.610275030136
0.6,0.99,1000000,7979.1425,409,648580,1239.9696283340454
0.2,0.99,1000000,11065.591428571472,393,664018,1775.9435741901398
0.1,0.99,1000000,12606.155357143023,400,668484,2158.8284566402435
0.1,0.99,1000000,12992.743214285862,419,687514,2353.0441122055054
0.1,0.99,1000000,12522.354285714411,412,683634,2263.0568058490753
0.0,0.99,3000000,15122.642500000276,409,708908,10075.090824365616
0.0,0.99,3000000,14731.884285714494,389,694060,9550.04924917221
0.1,0.99,1000000,12994.557500000168,390,693144,2298.2904477119446
0.1,0.99,1000000,12403.811071428707,392,682398,2262.671800136566
0.1,0.99,1000000,12069.651785714388,403,685126,2172.7622876167297
0.1,0.99,1000000,12693.06285714297,391,674752,2093.2586715221405
0.1,0.99,1000000,13005.528928571555,399,670494,2435.738171339035
0.1,0.99,1000000,13815.927142857394,397,662298,2391.6101853847504
0.4,0.99,1000000,8821.464285714295,405,662642,1432.2730123996735
0.2,0.99,1000000,11184.362857143002,393,655772,1841.8158230781555
0.8,0.99,1000000,7575.557499999988,433,684522,1204.7978990077972
0.0,0.99,3000000,14744.8689285717,407,709150,10140.58027601242
0.1,0.99,1000000,12575.782142857239,407,665524,2466.201586961746
0.5,0.99,1000000,8326.327142857142,414,664800,1341.181067943573
0.7,0.99,1000000,7887.991428571431,421,657996,1215.3394994735718
0.2,0.99,1000000,10789.213571428647,396,659962,1857.8866097927094
0.2,0.99,1000000,10731.205357142933,391,642266,1800.0796835422516
0.2,0.99,1000000,10551.66892857152,396,646954,1789.6099343299866
0.2,0.99,1000000,10957.135714285865,398,666044,1798.2948019504547
0.2,0.99,1000000,11976.717500000192,395,652906,2012.2198460102081
0.2,0.99,1000000,10516.352500000037,390,655814,1760.6377203464508
0.3,0.99,1000000,10273.473571428627,412,641536,1634.331682920456
0.2,0.99,1000000,11258.956428571471,394,654262,1919.97247838974
0.2,0.99,1000000,10941.280357142907,394,680244,1791.869283914566
0.2,0.99,1000000,11370.06857142862,388,667084,1799.218539237976
0.2,0.99,1000000,10639.398571428612,407,667052,1800.0210256576538
0.2,0.99,1000000,10509.668928571478,394,657384,1858.9050104618073
0.5,0.99,1000000,8436.879285714296,410,636722,1350.0496942996979
0.9,0.99,1000000,7502.498214285694,429,652082,1201.725255727768
0.8,0.99,1000000,7597.063571428567,416,658222,1189.0212862491608
0.6,0.99,1000000,8143.0264285714175,426,681196,1287.2074012756348
0.3,0.99,1000000,9889.069642857208,409,640764,1566.6723866462708
0.2,0.99,1000000,11781.12714285723,413,690528,1975.7385618686676
0.2,0.99,1000000,11010.720000000058,389,646658,1964.4567079544067
0.2,0.99,1000000,11287.331785714354,388,642428,1874.0166583061218
0.3,0.99,1000000,9674.525357142897,395,634062,1567.5670132637024
0.2,0.99,1000000,10946.680357142894,402,668398,1846.6217453479767
0.3,0.99,1000000,9611.02464285716,418,681550,1602.8103847503662
0.3,0.99,1000000,10143.321428571438,408,687526,1557.479356765747
0.2,0.99,1000000,11470.253571428704,394,664442,2011.8473756313324
0.3,0.99,1000000,9687.464285714319,408,663044,1534.6263904571533
0.3,0.99,1000000,9899.662142857183,391,624060,1638.9436995983124
0.2,0.99,1000000,10676.688571428636,399,663856,2024.1182239055634
0.2,0.99,1000000,11076.451428571552,411,683472,1862.7615051269531
0.3,0.99,1000000,9940.936071428581,393,645902,1623.9085402488708
0.4,0.99,1000000,8660.483928571444,401,652780,1461.4111833572388
0.3,0.99,1000000,10115.472500000042,409,673766,1605.226104259491
0.3,0.99,1000000,9823.817857142954,407,652868,1642.9154119491577
1.0,0.99,1000000,7216.357142857144,616,800768,1126.3455579280853
0.3,0.99,1000000,9686.151428571453,406,656228,1557.821578502655
0.3,0.99,1000000,9467.972500000007,404,634486,1582.7967116832733
0.9,0.99,1000000,7452.42964285712,410,678448,1150.8258488178253
0.6,0.99,1000000,8065.820714285712,406,649282,1295.6973872184753
0.7,0.99,1000000,7795.655714285719,434,690432,1222.1737787723541
0.3,0.99,1000000,9443.966071428587,383,625030,1635.3439357280731
0.4,0.99,1000000,9077.371071428595,397,657868,1420.5557224750519
0.4,0.99,1000000,8946.7560714286,406,652968,1470.9360828399658
0.4,0.99,1000000,8813.080714285712,400,649980,1435.802930355072
0.4,0.99,1000000,8800.309285714293,418,667358,1442.8188939094543
0.4,0.99,1000000,9181.918214285728,383,627710,1418.1929261684418
0.3,0.99,1000000,9682.462499999985,401,654134,1622.3481168746948
0.3,0.99,1000000,10021.6646428572,388,647284,1629.375188112259
0.3,0.99,1000000,9624.676071428574,407,663534,1661.185122013092
0.4,0.99,1000000,8746.888928571438,392,632416,1464.1657707691193
0.3,0.99,1000000,9609.592500000026,404,656670,1635.2184932231903
0.3,0.99,1000000,9968.186071428634,389,632428,1673.0478088855743
0.3,0.99,1000000,9685.059285714351,388,639888,1584.3474929332733
0.4,0.99,1000000,8947.056071428566,396,648156,1505.2042608261108
0.5,0.99,1000000,8635.171428571459,422,654426,1426.8018786907196
1.0,0.99,1000000,7128.298214285713,862,831856,1124.7318367958069
0.3,0.99,1000000,9625.956071428594,396,635716,1686.8415820598602
0.4,0.99,1000000,9133.920357142919,408,660786,1505.8819551467896
0.4,0.99,1000000,9034.32000000003,403,644760,1463.1581432819366
0.7,0.99,1000000,7829.242857142883,413,651516,1265.9136307239532
0.4,0.99,1000000,8708.711428571447,413,659380,1432.2638492584229
0.8,0.99,1000000,7479.608928571433,425,658036,1238.20578622818
0.4,0.99,1000000,8827.597142857176,415,668488,1464.9713611602783
0.4,0.99,1000000,8903.94357142859,401,631234,1472.1481335163116
0.5,0.99,1000000,8691.906785714313,409,653084,1390.2535197734833
0.5,0.99,1000000,8484.700357142849,392,623404,1352.9094388484955
0.5,0.99,1000000,8569.300714285706,410,652468,1320.1691296100616
0.5,0.99,1000000,8540.360357142878,389,647992,1386.5452280044556
0.5,0.99,1000000,8489.151071428592,407,671916,1394.750809431076
0.5,0.99,1000000,8527.157142857159,412,663754,1345.7189021110535
0.4,0.99,1000000,8960.56892857143,414,660108,1491.8630101680756
0.4,0.99,1000000,9199.158214285742,415,673226,1512.6494483947754
0.4,0.99,1000000,9302.029285714307,404,649270,1456.4472601413727
0.4,0.99,1000000,8742.482142857158,386,642090,1498.367803812027
0.6,0.99,1000000,8003.158928571429,394,637010,1336.2712256908417
0.5,0.99,1000000,8816.855000000007,400,654894,1423.6324656009674
0.4,0.99,1000000,8877.522142857155,395,634146,1493.148665189743
0.4,0.99,1000000,9267.961428571449,396,645944,1546.314834356308
0.8,0.99,1000000,7555.458214285715,447,682914,1217.893098115921
0.9,0.99,1000000,7445.465357142859,430,680030,1217.4327447414398
0.4,0.99,1000000,9120.937499999995,411,641622,1448.2529604434967
0.5,0.99,1000000,8560.103928571441,396,649730,1400.9672515392303
0.5,0.99,1000000,8297.826071428583,404,661712,1368.6729311943054
0.5,0.99,1000000,8353.171071428575,404,667824,1422.1091170310974
0.5,0.99,1000000,8145.425714285719,407,651196,1386.9604787826538
0.6,0.99,1000000,7846.136428571417,417,656850,1291.2109944820404
0.5,0.99,1000000,8518.28857142859,415,653526,1409.6848051548004
0.6,0.99,1000000,8092.216071428578,410,648810,1244.1736736297607
0.1,0.99,3000000,13141.440357143078,398,678278,7618.526697397232
0.6,0.99,1000000,8161.209642857146,416,651474,1313.7690072059631
0.6,0.99,1000000,7958.906428571457,413,655512,1348.0936634540558
0.6,0.99,1000000,8194.548928571447,398,650780,1361.4078104496002
0.6,0.99,1000000,8047.864285714278,415,664240,1290.263073682785
0.5,0.99,1000000,8505.315714285727,394,644038,1293.3040306568146
0.7,0.99,1000000,7541.356071428557,411,666696,1287.635466337204
0.5,0.99,1000000,8185.531428571422,397,644046,1382.4301652908325
0.5,0.99,1000000,8423.643928571433,399,654296,1395.2609357833862
0.5,0.99,1000000,8363.11821428571,418,680284,1455.701815366745
0.9,0.99,1000000,7517.949285714283,446,677142,1209.2201673984528
1.0,0.99,1000000,7187.697142857112,660,846228,1198.0834724903107
0.6,0.99,1000000,8186.911428571441,430,686352,1366.4113233089447
0.5,0.99,1000000,8617.894642857142,405,647304,1377.9927554130554
0.5,0.99,1000000,8371.617500000018,401,663274,1422.4899625778198
0.6,0.99,1000000,8193.769999999991,399,653224,1305.7945115566254
0.5,0.99,1000000,8702.702500000009,405,643286,1412.6854128837585
0.6,0.99,1000000,8145.583214285724,403,646220,1378.1841719150543
0.6,0.99,1000000,8156.3289285714345,421,674692,1379.079537153244
0.6,0.99,1000000,8090.9128571428655,407,648686,1363.7115454673767
0.7,0.99,1000000,7847.990357142841,412,651712,1246.4567291736603
0.7,0.99,1000000,8168.209285714283,415,682614,1263.9253387451172
0.6,0.99,1000000,8074.118928571436,403,652044,1357.66708278656
0.7,0.99,1000000,7970.329642857154,399,648030,1252.139220237732
0.7,0.99,1000000,7933.632142857156,432,671532,1267.91211104393
0.7,0.99,1000000,7731.617499999973,407,643640,1316.297956943512
0.7,0.99,1000000,7924.74535714285,409,661082,1334.5054099559784
0.6,0.99,1000000,8079.025000000004,417,652536,1276.927167415619
1.0,0.99,1000000,7168.974285714313,649,813938,1168.2861139774323
0.1,0.99,3000000,13813.175714285886,392,684402,9208.167588472366
0.8,0.99,1000000,7761.5885714285705,419,669956,1294.7518963813782
0.1,0.99,3000000,14439.861785714482,394,690052,8757.165583372116
0.6,0.99,1000000,8208.241071428598,406,656446,1360.838475227356
0.6,0.99,1000000,8174.01821428573,420,647686,1356.5409705638885
0.6,0.99,1000000,7862.004642857143,403,651482,1364.8483271598816
0.7,0.99,1000000,7960.163571428554,435,672366,1285.9948632717133
0.6,0.99,1000000,8107.373571428579,422,683702,1376.1382467746735
0.7,0.99,1000000,7837.958214285735,419,647064,1250.9018034934998
0.6,0.99,1000000,8194.12892857141,397,641248,1355.9425542354584
0.6,0.99,1000000,8155.165714285727,424,658158,1346.080019235611
0.7,0.99,1000000,7921.250357142872,412,654522,1305.8214223384857
0.7,0.99,1000000,7827.487499999997,401,639806,1349.7257115840912
0.7,0.99,1000000,7809.8524999999845,420,660908,1327.7540802955627
0.8,0.99,1000000,7628.38642857143,420,658654,1225.5227737426758
0.8,0.99,1000000,7754.376785714284,423,645790,1192.7623965740204
0.1,0.99,3000000,14443.48678571452,398,695028,8626.049114465714
0.1,0.99,3000000,14860.488928571605,394,716018,8879.32994556427
0.8,0.99,1000000,7387.102857142871,434,689702,1224.323622226715
0.7,0.99,1000000,7743.261071428571,443,691918,1312.6729998588562
0.8,0.99,1000000,7649.972857142859,426,690070,1230.8483669757843
0.8,0.99,1000000,7678.453571428553,416,668326,1273.6062018871307
0.8,0.99,1000000,7761.122142857135,422,652238,1277.459395647049
0.7,0.99,1000000,7965.975714285725,417,683304,1257.775220155716
0.9,0.99,1000000,7396.951785714274,425,663318,1247.0188088417053
0.7,0.99,1000000,7625.7446428571375,425,668668,1295.952097415924
0.8,0.99,1000000,7423.13142857143,428,677492,1261.6492023468018
0.7,0.99,1000000,7621.522499999984,420,655934,1296.1169786453247
0.7,0.99,1000000,7814.925357142876,425,673674,1292.1107106208801
0.1,0.99,3000000,14773.649285714602,380,682062,8898.207312107086
0.8,0.99,1000000,7679.290000000021,409,655098,1248.0822513103485
0.7,0.99,1000000,7651.249285714285,410,661514,1301.6431910991669
0.7,0.99,1000000,7876.923928571437,397,652896,1314.9715349674225
0.8,0.99,1000000,7538.4632142857035,425,673064,1295.1413400173187
0.7,0.99,1000000,7931.820714285723,420,663650,1311.4798967838287
0.8,0.99,1000000,7608.8482142857,419,652600,1312.678701877594
0.8,0.99,1000000,7517.948571428564,420,650822,1283.9649000167847
0.9,0.99,1000000,7408.881428571438,428,679778,1214.4157695770264
0.9,0.99,1000000,7550.078928571401,432,671328,1173.8808767795563
0.9,0.99,1000000,7386.640714285699,424,668910,1200.5460064411163
0.8,0.99,1000000,7434.238928571428,433,669498,1260.7204897403717
0.9,0.99,1000000,7475.76821428571,435,674720,1219.8834209442139
0.9,0.99,1000000,7325.661071428555,413,666470,1243.1048684120178
0.9,0.99,1000000,7553.85749999999,420,673988,1256.746677160263
0.8,0.99,1000000,7557.408571428564,421,669532,1218.4995210170746
1.0,0.99,1000000,7052.507857142862,639,910694,1199.1870203018188
0.8,0.99,1000000,7741.442857142838,406,650474,1268.668476343155
0.9,0.99,1000000,7545.699999999992,440,689110,1274.6999430656433
0.8,0.99,1000000,7737.746428571408,417,670708,1289.7519896030426
0.8,0.99,1000000,7652.372857142837,419,645376,1299.2029504776
0.9,0.99,1000000,7496.856071428573,423,652550,1215.6252348423004
0.8,0.99,1000000,7546.63821428571,418,656602,1293.902975320816
0.8,0.99,1000000,7615.367857142864,434,677250,1282.7613408565521
0.9,0.99,1000000,7380.096071428549,430,688488,1258.7695124149323
0.9,0.99,1000000,7609.437857142847,423,670194,1269.9183650016785
0.8,0.99,1000000,7617.119999999989,415,660336,1297.6133637428284
1.0,0.99,1000000,7139.394642857158,930,820006,1203.1593415737152
0.9,0.99,1000000,7379.672142857117,429,681802,1264.522322177887
1.0,0.99,1000000,6860.457142857146,732,902798,1154.677570104599
1.0,0.99,1000000,7114.316428571447,658,795660,1176.9565925598145
0.0,0.99,3000000,15261.004285714434,384,716002,8444.703999996185
1.0,0.99,1000000,7041.206428571437,831,829398,1181.7312729358673
0.9,0.99,1000000,7344.261785714285,425,667236,1271.57785654068
1.0,0.99,1000000,7325.44928571428,872,849558,1218.6451234817505
1.0,0.99,1000000,7487.57250000001,766,1003606,1246.744342803955
0.9,0.99,1000000,7584.265714285709,430,683190,1190.370934009552
0.9,0.99,1000000,7324.648571428562,443,680730,1255.5719323158264
1.0,0.99,1000000,7215.740000000007,773,846554,1241.4775438308716
0.9,0.99,1000000,7519.776071428549,426,666836,1240.5201432704926
1.0,0.99,1000000,7118.878214285703,647,863558,1198.8769619464874
0.9,0.99,1000000,7378.826071428579,428,680118,1279.3535137176514
0.9,0.99,1000000,7768.632142857124,445,681892,1255.5296604633331
0.9,0.99,1000000,7309.509285714272,426,664268,1280.2242951393127
1.0,0.99,1000000,7112.1203571428605,580,813730,1243.926334142685
1.0,0.99,1000000,6925.499285714283,662,895518,1229.6289937496185
0.9,0.99,1000000,7412.297857142839,433,678940,1254.752958536148
1.0,0.99,1000000,7083.64571428573,665,803824,1224.7930991649628
0.2,0.99,3000000,11703.32678571439,404,708082,6198.195546865463
1.0,0.99,1000000,7022.094285714271,611,778850,1245.628799200058
1.0,0.99,1000000,6931.438571428583,1101,795178,1165.3595299720764
0.0,0.99,3000000,15163.461071428788,386,703698,8871.295213460922
1.0,0.99,1000000,6934.669642857145,641,812208,1245.3438565731049
1.0,0.99,1000000,7301.256071428565,974,810398,1241.3248035907745
1.0,0.99,1000000,7138.980357142856,715,877524,1224.6355834007263
1.0,0.99,1000000,7134.274285714295,996,828372,1244.6857905387878
1.0,0.99,1000000,7198.160357142848,815,842752,1247.6428291797638
1.0,0.99,1000000,7166.150357142847,717,860244,1243.3640985488892
0.2,0.99,3000000,12082.155000000097,388,655040,6255.366477489471
0.2,0.99,3000000,11925.426428571547,386,661256,6900.943601846695
0.2,0.99,3000000,11610.37107142869,400,668372,6562.275079250336
0.2,0.99,3000000,12409.600357142961,390,657988,6666.69495511055
0.2,0.99,3000000,11980.966071428655,395,680842,6375.353387117386
0.0,0.99,3000000,15610.671785714616,390,702650,9678.912267684937
0.3,0.99,3000000,9933.226071428611,377,656574,4717.337957143784
0.0,0.99,3000000,15577.448928571737,403,688748,9771.05898141861
0.1,0.99,3000000,14177.522500000197,393,694670,7212.163969039917
0.3,0.99,3000000,10918.716785714414,381,640226,5311.836459636688
0.0,0.99,3000000,15283.257857143124,390,692162,9475.644012451172
0.0,0.99,3000000,14355.252857143028,393,675408,8986.899472236633
0.3,0.99,3000000,10498.606071428649,387,648892,5408.106590747833
0.0,0.99,3000000,15210.761785714478,397,701808,9327.604795455933
0.3,0.99,3000000,10316.114285714331,381,675434,5419.265666484833
0.1,0.99,3000000,13903.604285714482,396,676718,7941.000907421112
0.0,0.99,3000000,15419.41035714321,405,717580,9970.328468084335
0.0,0.99,3000000,15040.351785714525,392,684456,9692.29844713211
0.3,0.99,3000000,10955.817500000088,394,653390,5764.0357670784
0.4,0.99,3000000,9153.88535714283,383,634790,4319.676926374435
0.3,0.99,3000000,10395.988928571463,396,668852,5754.375392913818
0.0,0.99,3000000,14902.130000000283,393,684200,9755.973675727844
0.0,0.99,3000000,14790.612500000247,394,695830,9013.913362264633
0.0,0.99,3000000,14799.93892857173,387,699054,9677.251158952713
0.0,0.99,3000000,15488.98071428592,391,707206,10397.227916240692
0.0,0.99,3000000,15910.8846428574,389,704744,10448.852983236313
0.0,0.99,3000000,14872.18035714307,384,677242,9760.195809602737
0.0,0.99,3000000,15820.305714285923,397,699498,10114.19845199585
0.0,0.99,3000000,14557.276071428798,384,691566,9493.695692539215
0.0,0.99,3000000,15247.780000000212,391,705062,9558.662311315536
0.0,0.99,3000000,16193.330000000282,393,713630,10938.406620025635
0.0,0.99,3000000,15201.498214285943,389,702410,10249.756797075272
0.0,0.99,3000000,15038.402857143083,372,664494,10107.137628555298
0.0,0.99,3000000,15304.010000000231,396,712896,10927.751996278763
0.0,0.99,3000000,15493.848214285974,390,710484,10730.264194726944
0.4,0.99,3000000,9300.826785714284,390,642304,4619.567880630493
0.2,0.99,3000000,11930.130714285784,383,661806,5870.078348636627
0.0,0.99,3000000,15184.85500000021,391,725240,11483.74173617363
0.1,0.99,3000000,13572.7342857145,402,671868,7025.030388355255
0.1,0.99,3000000,13999.833214285918,394,678994,8480.299026489258
0.4,0.99,3000000,9727.999642857192,382,660416,4898.369812488556
0.4,0.99,3000000,9618.128214285753,398,646748,4948.499789953232
0.5,0.99,3000000,8759.140714285708,389,636176,4164.490182876587
0.4,0.99,3000000,9252.669642857129,388,646110,4682.894276380539
0.4,0.99,3000000,9377.933928571467,392,639206,4636.279422998428
0.2,0.99,3000000,13220.679642857373,404,710364,6485.043016910553
0.5,0.99,3000000,8363.095357142867,398,645358,4370.796361923218
0.1,0.99,3000000,14841.145357143072,398,718174,8548.681850671768
0.1,0.99,3000000,14245.512500000254,406,703046,8367.103375911713
0.1,0.99,3000000,13932.588571428798,393,677724,7792.9491751194
0.1,0.99,3000000,13070.236785714495,389,684422,7223.753011226654
0.1,0.99,3000000,14553.09285714309,400,741826,9236.59277844429
0.5,0.99,3000000,8744.927142857172,394,642944,4153.382589101791
0.1,0.99,3000000,14520.648571428746,394,688642,8304.763792276382
0.6,0.99,3000000,8048.682857142842,403,647886,3688.1586468219757
0.3,0.99,3000000,10898.252500000079,385,638638,5050.050526380539
0.1,0.99,3000000,13928.998571428801,384,682520,7835.264881372452
0.1,0.99,3000000,13602.384642857278,383,698722,7812.763125181198
0.5,0.99,3000000,8604.186071428585,417,674418,4127.205712795258
0.1,0.99,3000000,14093.927857143093,381,694234,8069.189972639084
0.5,0.99,3000000,8448.221785714286,388,646112,4318.224055528641
0.5,0.99,3000000,8590.433571428583,422,666586,4173.3938002586365
0.1,0.99,3000000,13668.851428571537,396,692470,8595.397896528244
0.1,0.99,3000000,13056.102500000125,406,683310,7202.451929330826
0.2,0.99,3000000,11838.667142857188,378,668380,5897.257575035095
0.1,0.99,3000000,14858.706071428749,401,693320,9214.942003011703
0.1,0.99,3000000,13382.040357143062,379,654488,8264.735425949097
0.2,0.99,3000000,12441.091428571628,401,703112,6286.679018974304
0.1,0.99,3000000,13255.443214285897,396,688628,9017.655850172043
0.1,0.99,3000000,14015.508214285957,396,696880,8190.357243776321
0.1,0.99,3000000,13757.599642857294,381,677068,8064.47341132164
0.1,0.99,3000000,14917.505714285975,388,693074,9132.766966342926
0.3,0.99,3000000,10580.04285714292,373,636022,5041.850607395172
0.6,0.99,3000000,8266.7225,389,631276,3916.5397624969482
0.1,0.99,3000000,14079.24357142869,389,692208,7999.242786645889
0.7,0.99,3000000,7910.612499999978,397,653164,3573.230644226074
0.1,0.99,3000000,13561.65392857163,393,652362,8991.155740737915
0.1,0.99,3000000,13758.193571428737,399,697760,9717.27095413208
0.6,0.99,3000000,8227.175000000014,404,650674,3940.66689991951
0.6,0.99,3000000,8101.230714285717,393,653836,3960.819239616394
0.4,0.99,3000000,9819.018214285767,408,674444,4469.619181871414
0.6,0.99,3000000,8360.1807142857,392,637612,4033.3736221790314
0.6,0.99,3000000,8172.097142857153,400,642694,3982.134341239929
0.2,0.99,3000000,11165.293214285799,389,675124,6019.119548797607
0.2,0.99,3000000,11747.716785714441,390,676016,6320.032194137573
0.2,0.99,3000000,12682.807142857277,412,693790,6427.532635450363
0.2,0.99,3000000,12684.703928571467,391,689532,6633.534004211426
0.2,0.99,3000000,11722.335714285804,379,669598,6040.541285991669
0.2,0.99,3000000,12798.680714285907,389,695148,6721.636302232742
0.3,0.99,3000000,10544.564285714352,396,677352,4871.039418935776
0.2,0.99,3000000,11638.254285714402,385,680466,6000.271509170532
0.3,0.99,3000000,11148.784285714408,388,651504,5304.999033689499
0.7,0.99,3000000,7920.009642857141,393,643016,3851.410880088806
0.8,0.99,3000000,7598.700357142827,400,671886,3381.8458535671234
0.2,0.99,3000000,12326.835714285848,391,664680,6872.468874692917
0.4,0.99,3000000,9231.496785714342,396,636568,4171.032697916031
0.2,0.99,3000000,12014.721785714411,380,667508,5982.797802448273
0.2,0.99,3000000,11870.496071428728,378,658516,6325.979344129562
0.2,0.99,3000000,12119.845714285815,388,650176,7209.662068605423
0.7,0.99,3000000,8136.388928571441,389,637470,3870.982591152191
0.2,0.99,3000000,11392.66500000006,388,654564,6291.11839389801
0.2,0.99,3000000,12119.032857142944,392,679030,6521.521009206772
0.7,0.99,3000000,7870.891785714269,405,646560,3862.765840768814
0.5,0.99,3000000,8553.490357142848,390,641260,3791.399185180664
0.2,0.99,3000000,11987.408571428674,395,668594,6491.658132791519
0.7,0.99,3000000,7921.614642857152,398,644520,3859.1012091636658
0.2,0.99,3000000,11808.480000000112,396,656288,6780.89852309227
0.7,0.99,3000000,7894.506428571434,393,635144,3837.1432185173035
0.2,0.99,3000000,12368.846785714448,397,664270,7415.366274833679
0.2,0.99,3000000,12297.722857142991,389,668496,6810.41671538353
0.2,0.99,3000000,12394.535357143033,385,661852,6569.6708018779755
0.9,0.99,3000000,7712.701071428585,390,640988,3348.7004907131195
0.2,0.99,3000000,12005.787142857253,386,682094,6897.924226760864
0.3,0.99,3000000,10931.23428571435,386,676714,5305.445574045181
0.3,0.99,3000000,10836.126428571451,386,671092,4726.650707483292
0.4,0.99,3000000,9422.556785714269,394,652580,4287.287373304367
0.8,0.99,3000000,7884.69107142857,394,637504,3846.386149406433
0.3,0.99,3000000,10028.384285714323,394,646570,4825.043145895004
0.3,0.99,3000000,10664.787857142903,398,666506,4952.431898355484
0.2,0.99,3000000,12582.928214285766,386,678060,7262.887349843979
0.5,0.99,3000000,8452.584285714292,386,634628,3795.8813030719757
0.4,0.99,3000000,8979.331071428582,380,648068,4317.072942733765
0.3,0.99,3000000,11909.697500000137,397,705006,5369.842667341232
0.8,0.99,3000000,7802.143571428556,412,657024,3743.0257551670074
0.3,0.99,3000000,10871.427857142926,392,670418,5157.2565405368805
0.3,0.99,3000000,10815.522142857235,391,665226,5189.948023557663
0.6,0.99,3000000,8158.690714285709,382,651722,3628.8202934265137
0.8,0.99,3000000,7775.808928571419,400,648944,3791.433869600296
0.8,0.99,3000000,7550.2632142857055,392,657252,3669.5473759174347
0.3,0.99,3000000,10423.29785714293,398,673716,4941.676171064377
0.3,0.99,3000000,10554.63821428576,382,651350,5093.808041810989
0.3,0.99,3000000,10297.791785714313,381,639398,5394.245732545853
0.8,0.99,3000000,7663.014642857124,401,663824,3756.309245824814
0.3,0.99,3000000,11379.36392857152,382,642848,5622.037789583206
0.3,0.99,3000000,11201.281071428688,389,657736,5448.174000501633
0.3,0.99,3000000,10880.402857142897,384,659758,5601.213019132614
1.0,0.99,3000000,7465.97214285716,578,750670,3272.8066580295563
0.3,0.99,3000000,10456.062142857201,386,646802,5357.305362701416
0.3,0.99,3000000,10122.52214285722,387,637236,5260.495141983032
0.3,0.99,3000000,10706.945357142875,374,661210,5585.598266363144
0.9,0.99,3000000,7543.747500000003,416,651974,3689.570814847946
0.6,0.99,3000000,8148.174642857135,412,642514,3581.102860927582
0.5,0.99,3000000,8833.218928571427,395,632058,3971.4190590381622
0.4,0.99,3000000,9420.181785714316,391,657858,4048.2092015743256
0.4,0.99,3000000,9218.460357142898,388,639172,4148.722316026688
0.4,0.99,3000000,9254.919285714308,387,632174,4331.927169084549
0.9,0.99,3000000,7471.308928571423,422,667304,3649.3156156539917
0.3,0.99,3000000,10885.73214285722,394,677078,5241.413450479507
0.5,0.99,3000000,8771.079285714291,399,647802,3994.568999528885
0.4,0.99,3000000,9292.965714285749,381,631920,4327.673598766327
0.3,0.99,3000000,10747.784642857283,387,657292,5775.30699634552
0.7,0.99,3000000,7997.17071428572,415,654820,3520.0846588611603
0.4,0.99,3000000,10061.989642857243,393,672088,4421.623854160309
0.9,0.99,3000000,7435.992142857138,430,661910,3723.9448413848877
0.3,0.99,3000000,10762.280357142954,385,646848,5375.069857597351
0.9,0.99,3000000,7521.301071428556,409,652668,3605.273193836212
0.4,0.99,3000000,9508.288571428566,385,660118,4501.7944304943085
0.9,0.99,3000000,7487.582857142848,402,653796,3648.7066597938538
0.4,0.99,3000000,9440.202857142893,387,645860,4481.708844661713
0.3,0.99,3000000,11450.538571428706,385,646424,5715.5982847213745
0.4,0.99,3000000,9259.46071428572,385,644696,4310.8757264614105
0.4,0.99,3000000,8833.612500000037,391,645468,4383.873324394226
0.4,0.99,3000000,9382.391428571442,384,647750,4716.889860630035
0.4,0.99,3000000,8956.538928571441,404,652286,4415.133358716965
0.4,0.99,3000000,9228.652499999997,393,668354,4591.748550415039
0.4,0.99,3000000,9199.36035714283,393,654792,4472.503283023834
1.0,0.99,3000000,7145.201428571427,697,893234,3574.0639040470123
0.7,0.99,3000000,7797.197500000025,384,633282,3516.8350253105164
0.6,0.99,3000000,8185.237857142832,389,641218,3788.5462548732758
1.0,0.99,3000000,6945.320357142882,976,863758,3518.304819583893
0.5,0.99,3000000,8468.424285714267,406,660714,3825.6394152641296
0.4,0.99,3000000,9079.019999999986,380,644818,4550.107550859451
0.6,0.99,3000000,7959.6617857142755,388,652640,3780.795186281204
0.8,0.99,3000000,7788.271785714287,399,643258,3429.42618227005
0.4,0.99,3000000,9126.438928571459,391,650174,4574.986944437027
0.4,0.99,3000000,9360.234285714308,393,637790,4954.86699962616
0.5,0.99,3000000,8748.882857142877,405,660784,4030.2177424430847
0.5,0.99,3000000,8585.664642857193,390,638728,4072.045506000519
0.5,0.99,3000000,8397.813928571433,426,678578,3958.219774723053
1.0,0.99,3000000,7429.572142857121,1134,777216,3567.422754764557
1.0,0.99,3000000,7157.618571428574,1380,822638,3551.769198656082
0.5,0.99,3000000,8587.001071428616,405,645456,3877.955809354782
1.0,0.99,3000000,6997.8492857142755,612,849680,3650.679436445236
0.4,0.99,3000000,9387.29607142859,390,637120,4538.716063976288
0.4,0.99,3000000,9582.377857142883,393,665450,4838.870984554291
0.5,0.99,3000000,8861.676071428565,400,650922,4041.14990401268
0.4,0.99,3000000,9750.863571428597,393,640886,4406.35787820816
0.5,0.99,3000000,8411.696071428572,394,634068,4218.2703313827515
0.5,0.99,3000000,8673.438928571431,404,646434,4009.262324333191
0.5,0.99,3000000,8888.53464285715,391,634554,4092.238267183304
0.4,0.99,3000000,9685.263214285771,385,658014,4561.917030096054
0.5,0.99,3000000,8767.688571428596,398,643746,4158.991891622543
0.8,0.99,3000000,7885.667499999989,391,629994,3464.262416124344
0.5,0.99,3000000,8527.968928571448,386,657570,4181.046394109726
0.5,0.99,3000000,8343.806071428598,416,667092,4181.403443574905
0.6,0.99,3000000,8143.3660714285625,407,652280,3565.7995579242706
0.7,0.99,3000000,8048.464999999989,391,641790,3681.50639462471
0.5,0.99,3000000,8565.872499999994,393,659912,4237.455767154694
0.9,0.99,3000000,7445.747499999991,417,664734,3328.189883708954
0.7,0.99,3000000,7876.945714285709,414,667718,3591.529385328293
0.6,0.99,3000000,7896.147142857146,389,640382,3773.365787267685
0.6,0.99,3000000,8098.119999999986,396,643370,3780.523681640625
0.6,0.99,3000000,8173.687500000025,395,659484,3854.782956838608
0.5,0.99,3000000,8211.819285714291,398,658754,4227.866017103195
0.6,0.99,3000000,8266.991428571428,402,662056,3606.309346675873
0.5,0.99,3000000,9053.88464285714,416,650618,4234.221373081207
0.5,0.99,3000000,8601.545000000011,389,625760,4411.020541906357
0.6,0.99,3000000,8102.620000000016,395,639596,3755.4162125587463
0.5,0.99,3000000,8939.660000000018,400,650490,4117.260680437088
0.5,0.99,3000000,8609.91785714285,395,656292,4216.667861223221
0.6,0.99,3000000,8086.9125,400,643410,3787.7910895347595
0.6,0.99,3000000,8094.25928571429,398,638974,3988.5789654254913
0.5,0.99,3000000,8619.10035714289,402,654080,4258.614481210709
0.9,0.99,3000000,7360.439285714266,395,655108,3297.210232257843
0.6,0.99,3000000,8288.202142857135,383,646326,4075.3613514900208
0.5,0.99,3000000,8245.816785714302,418,702834,4123.247529506683
0.6,0.99,3000000,7916.619642857121,393,644728,3982.743801355362
1.0,0.99,3000000,7265.4396428571445,807,779810,3240.4316215515137
0.7,0.99,3000000,7808.112499999986,391,654760,3483.0315980911255
0.8,0.99,3000000,7845.680000000001,403,637862,3552.930548429489
0.6,0.99,3000000,8412.876428571422,390,658788,4028.6647913455963
0.6,0.99,3000000,8193.919999999993,394,654342,3980.5642800331116
0.8,0.99,3000000,7680.353571428588,395,653952,3569.6524386405945
0.6,0.99,3000000,8049.046071428577,396,651594,3914.457094192505
0.7,0.99,3000000,8001.794642857136,406,642520,3655.539618730545
0.7,0.99,3000000,7922.786071428563,393,649722,3638.051202058792
0.7,0.99,3000000,7740.238571428554,395,641888,3659.6866376399994
0.7,0.99,3000000,7724.862142857109,401,663452,3518.3567337989807
0.6,0.99,3000000,8261.143928571442,393,644372,3947.6071512699127
0.6,0.99,3000000,8143.050714285722,385,627086,3946.3007814884186
0.6,0.99,3000000,8046.340357142873,387,639392,4042.383360147476
0.7,0.99,3000000,7847.258928571401,404,652800,3614.2670912742615
0.6,0.99,3000000,7917.944285714303,385,648420,3897.2558088302612
0.6,0.99,3000000,7997.966428571439,382,622816,3997.693909406662
0.7,0.99,3000000,8089.268214285733,411,641472,3642.5860393047333
1.0,0.99,3000000,7062.444285714278,943,862640,3322.289806842804
0.7,0.99,3000000,7959.368214285714,391,641794,3828.6237785816193
0.6,0.99,3000000,8326.093571428582,399,634450,3975.157872200012
0.7,0.99,3000000,7764.87678571428,410,666034,3817.794682741165
0.8,0.99,3000000,7841.884642857163,399,644684,3483.874041557312
0.9,0.99,3000000,7819.704285714283,411,661028,3433.4719426631927
0.7,0.99,3000000,7827.978214285709,392,668900,3811.62938952446
0.6,0.99,3000000,8291.63142857142,389,637762,3956.614938020706
0.9,0.99,3000000,7388.670714285702,403,659364,3448.437390089035
0.7,0.99,3000000,8060.838214285714,394,650972,3805.4904737472534
0.7,0.99,3000000,8097.550357142869,407,641142,3898.8253750801086
0.7,0.99,3000000,7998.564285714277,400,666216,3893.3066396713257
0.8,0.99,3000000,7552.087857142876,393,633726,3593.054032087326
0.8,0.99,3000000,7716.793571428565,400,647488,3448.2114703655243
0.8,0.99,3000000,7713.278214285722,395,653968,3594.3252544403076
0.8,0.99,3000000,7519.193928571433,411,657050,3634.409438610077
0.7,0.99,3000000,7861.883571428582,398,636426,3836.955399274826
0.7,0.99,3000000,7959.185000000004,396,654324,3783.0594580173492
0.8,0.99,3000000,7628.286428571421,406,663986,3517.3115906715393
0.7,0.99,3000000,7721.912857142852,412,664182,3927.7747366428375
0.8,0.99,3000000,7867.976428571414,411,662676,3683.7278010845184
0.7,0.99,3000000,8208.338571428565,388,629632,3913.4049298763275
0.7,0.99,3000000,8236.756785714295,381,637032,3947.477005958557
0.8,0.99,3000000,7787.516071428562,413,649286,3696.6464836597443
0.0,0.99,5000000,15934.63107142881,401,704408,18661.096433401108
0.7,0.99,3000000,7599.790714285698,393,640834,3784.3199265003204
0.9,0.99,3000000,7517.146428571431,418,687456,3364.742203474045
1.0,0.99,3000000,7051.74607142858,628,831472,3340.105971097946
0.8,0.99,3000000,7592.983928571434,391,645874,3742.517457962036
1.0,0.99,3000000,7352.454999999996,936,901236,3315.1666538715363
0.8,0.99,3000000,7576.873571428541,408,655696,3744.4521243572235
0.7,0.99,3000000,7964.306071428569,408,678690,3769.4959256649017
0.8,0.99,3000000,7858.678214285712,401,638026,3810.052306175232
0.9,0.99,3000000,7539.373571428566,392,639936,3346.238514661789
0.9,0.99,3000000,7507.11464285713,411,645660,3498.467187643051
0.9,0.99,3000000,7536.36392857138,414,663838,3510.807633638382
0.9,0.99,3000000,7463.104285714295,406,656856,3507.8088822364807
0.8,0.99,3000000,7690.03892857144,415,651980,3813.713912010193
0.8,0.99,3000000,7635.333214285708,399,638752,3772.3574225902557
0.9,0.99,3000000,7514.587499999994,414,666450,3439.8780155181885
0.8,0.99,3000000,7712.84749999997,390,630406,3726.5851879119873
0.8,0.99,3000000,7715.798928571412,396,652850,3893.393661737442
0.8,0.99,3000000,7744.2989285714275,410,642748,3755.568392276764
0.9,0.99,3000000,7550.268571428599,409,662818,3502.239869594574
1.0,0.99,3000000,7083.735357142846,1501,917656,3175.944389104843
0.8,0.99,3000000,7895.998928571425,400,652750,3756.8214881420135
0.8,0.99,3000000,7754.366785714291,396,634684,3728.4762234687805
0.9,0.99,3000000,7556.306785714283,417,670096,3693.7023878097534
0.8,0.99,3000000,7788.909285714311,411,656520,3719.53497171402
0.0,0.99,5000000,15648.716428571706,407,715112,18184.17707848549
0.9,0.99,3000000,7619.800357142855,391,634696,3668.4210131168365
1.0,0.99,3000000,7146.261071428585,831,861720,3158.089247226715
0.9,0.99,3000000,7473.490357142838,418,673344,3683.451418876648
0.8,0.99,3000000,7686.081071428569,411,659018,3668.932692527771
0.0,0.99,5000000,15060.687142857414,398,694798,18388.110265016556
1.0,0.99,3000000,7050.4482142857105,740,825784,3409.2900269031525
0.9,0.99,3000000,7609.295714285715,405,642296,3629.577842950821
1.0,0.99,3000000,6986.080000000012,1025,831078,3410.6880447864532
1.0,0.99,3000000,7211.03499999999,822,798122,3418.6827309131622
0.0,0.99,5000000,15977.9703571431,394,719642,17400.32760310173
0.0,0.99,5000000,16041.212142857376,378,733000,17771.924734830856
0.9,0.99,3000000,7465.25142857142,409,653114,3688.431965827942
0.9,0.99,3000000,7497.315357142868,419,669018,3684.902861595154
1.0,0.99,3000000,7123.259285714291,715,865334,3196.4250404834747
0.9,0.99,3000000,7307.805714285695,406,666992,3570.8838567733765
0.9,0.99,3000000,7511.416785714292,407,648386,3676.5746698379517
1.0,0.99,3000000,6996.198928571428,1613,824224,3417.3918685913086
0.9,0.99,3000000,7498.117499999991,397,639432,3640.5068962574005
0.0,0.99,5000000,16159.062857143163,380,707414,19708.12123465538
1.0,0.99,3000000,7200.634285714286,1065,836890,3488.7927227020264
0.9,0.99,3000000,7598.274285714268,418,668410,3635.444442987442
0.9,0.99,3000000,7424.424285714281,411,665000,3644.1304864883423
0.9,0.99,3000000,7506.001428571409,419,648218,3654.099093437195
1.0,0.99,3000000,7138.232142857126,612,820490,3509.902674674988
1.0,0.99,3000000,7167.0814285714105,829,830820,3472.270290374756
0.9,0.99,3000000,7673.554285714286,405,654218,3735.7045447826385
1.0,0.99,3000000,7165.837499999974,747,841936,3574.9969346523285
1.0,0.99,3000000,7175.882857142854,896,837306,3573.026227712631
1.0,0.99,3000000,7266.94178571429,881,818296,3561.0540599823
1.0,0.99,3000000,7006.889999999983,621,825904,3510.0593631267548
1.0,0.99,3000000,7300.232857142871,1342,855834,3505.193733692169
1.0,0.99,3000000,7151.049285714264,1056,855222,3595.6410422325134
0.0,0.99,5000000,16237.081071428864,399,719614,17304.21755218506
1.0,0.99,3000000,7191.229642857125,630,762524,3584.038557291031
1.0,0.99,3000000,6944.797857142859,881,857696,3605.957244157791
1.0,0.99,3000000,7001.4728571428695,795,850724,3561.422331094742
1.0,0.99,3000000,7047.953928571442,1018,791780,3552.8861815929413
0.0,0.99,5000000,15391.930000000231,404,720526,16197.390134096146
0.1,0.99,5000000,14316.311428571673,378,677956,13124.511351823807
0.0,0.99,5000000,15460.301071428923,385,716538,17400.023901700974
0.0,0.99,5000000,16029.511428571657,401,724366,18900.700209617615
0.1,0.99,5000000,14147.765357143073,396,696836,15628.567410945892
0.1,0.99,5000000,14418.216071428697,397,712814,14799.297731161118
0.0,0.99,5000000,15742.764285714564,384,708494,16988.542016744614
0.1,0.99,5000000,14444.55357142877,386,698462,15986.766017436981
0.0,0.99,5000000,15484.54464285727,388,702796,16975.21621274948
0.1,0.99,5000000,14780.407857143122,388,710116,16681.993621587753
0.0,0.99,5000000,15754.631785714591,391,683228,16430.305857419968
0.0,0.99,5000000,15267.194642857516,383,694462,17141.427126407623
0.0,0.99,5000000,15793.47071428601,392,702034,17857.136734962463
0.1,0.99,5000000,14738.55142857173,397,707362,16052.084468364716
0.1,0.99,5000000,14147.456071428798,385,711236,13906.019611358643
0.0,0.99,5000000,14340.377142857333,383,670986,16611.013666391373
0.0,0.99,5000000,16165.001071428835,391,715224,17660.461044311523
0.0,0.99,5000000,16046.11142857152,375,707178,18244.268674612045
0.0,0.99,5000000,16420.886428571626,400,752022,20036.887382507324
0.0,0.99,5000000,16009.748928571758,388,679784,17414.43305373192
0.1,0.99,5000000,14492.043928571611,387,694580,13146.853981018066
0.0,0.99,5000000,15255.17678571459,392,692138,17113.59070134163
0.2,0.99,5000000,13197.850357143001,405,700720,12539.343274831772
0.0,0.99,5000000,15044.331071428815,397,710600,17238.5510764122
0.0,0.99,5000000,15942.793214285954,391,690686,18265.48477077484
0.0,0.99,5000000,15626.03821428598,396,696264,16642.55260014534
0.0,0.99,5000000,16371.212142857428,394,740624,18890.13134098053
0.0,0.99,5000000,16117.863571428868,399,715532,18194.085383176804
0.0,0.99,5000000,15214.696428571688,373,687522,18357.909890413284
0.0,0.99,5000000,16045.352857143049,408,719180,19921.990594625473
0.0,0.99,5000000,16733.16250000028,406,743838,18845.300119161606
0.0,0.99,5000000,16229.425714285968,394,744568,19572.684100151062
0.2,0.99,5000000,12588.432857143023,375,655674,11653.339803934097
0.2,0.99,5000000,12361.372500000089,389,663070,11944.095409154892
0.2,0.99,5000000,12610.300714285875,379,680418,11539.888641119003
0.2,0.99,5000000,13326.451785714477,391,670430,11994.112070322037
0.1,0.99,5000000,14464.850000000193,403,720146,14084.434532880783
0.1,0.99,5000000,14345.600357143081,391,692636,13107.467577457428
0.1,0.99,5000000,15257.92964285737,386,733946,16052.039704561234
0.2,0.99,5000000,12150.426428571469,378,668412,9739.611911535263
0.3,0.99,5000000,10162.01357142864,385,635014,8792.326490402222
0.2,0.99,5000000,13545.845000000221,388,672916,12463.806930303574
0.2,0.99,5000000,12262.403571428718,375,665146,10248.550261735916
0.1,0.99,5000000,15391.333214286005,389,724398,14344.49407339096
0.1,0.99,5000000,14565.95392857165,392,718478,14342.428860902786
0.1,0.99,5000000,14533.65821428593,390,695060,15150.94980931282
0.1,0.99,5000000,14538.54892857174,398,714314,14329.797500133514
0.1,0.99,5000000,15193.362857143049,411,720734,16176.898293495178
0.3,0.99,5000000,10737.219285714396,392,671538,9474.260170936584
0.3,0.99,5000000,10865.363571428627,388,696128,9838.714117527008
0.3,0.99,5000000,10690.58857142861,384,663392,8701.520706892014
0.3,0.99,5000000,11973.295714285878,396,688018,10139.32816529274
0.4,0.99,5000000,9592.653214285767,379,661086,7320.570494413376
0.3,0.99,5000000,10938.531071428646,369,646172,9050.741190433502
0.3,0.99,5000000,11286.294642857176,386,652392,8655.585208177567

0.1,0.99,5000000,15184.023928571682,403,716778,15440.41014456749
0.1,0.99,5000000,14624.18071428593,387,693424,15437.726865053177
0.1,0.99,5000000,14465.397500000237,399,691632,15207.102968215942
0.1,0.99,5000000,14578.992500000319,381,677162,14731.47272324562
0.1,0.99,5000000,14207.064285714465,390,694910,15840.264932394028
0.1,0.99,5000000,14336.131071428823,387,693096,13737.078574419022
0.1,0.99,5000000,14073.54178571444,399,684998,14911.503294467926
0.1,0.99,5000000,14889.377142857438,386,697848,15081.702448368073
0.1,0.99,5000000,14641.596785714468,394,704180,14957.195427656174
0.3,0.99,5000000,10550.795357142912,388,655058,8177.100589513779
0.2,0.99,5000000,13148.91500000016,404,689550,10085.580305814743

0.1,0.99,5000000,14590.239642857365,401,735280,15966.70167684555
0.2,0.99,5000000,13184.806071428739,386,680142,11654.806064128876
0.2,0.99,5000000,13124.97321428583,407,711988,10524.565513372421
0.1,0.99,5000000,14959.850714285833,382,746150,15658.482213258743
0.2,0.99,5000000,12901.46857142875,374,661480,11079.640305995941
0.5,0.99,5000000,8664.628571428593,380,653268,6487.354049444199
0.2,0.99,5000000,12990.992500000202,382,672798,12452.055303096771
0.2,0.99,5000000,12479.718571428693,383,675192,10699.151463031769
0.2,0.99,5000000,13003.380000000072,389,679000,12822.225842237473
0.4,0.99,5000000,9695.211785714322,375,654550,7058.912293672562
0.4,0.99,5000000,9464.963928571495,376,642024,7395.3751747608185
0.4,0.99,5000000,9335.89750000003,390,670052,7968.477746248245
0.4,0.99,5000000,9696.27357142866,383,651806,7975.2542226314545
0.4,0.99,5000000,9892.880357142905,381,651542,8128.007030725479
0.4,0.99,5000000,9339.302500000003,391,655266,8142.227556228638
0.4,0.99,5000000,10140.456071428684,388,669456,8368.028326511383
0.3,0.99,5000000,11162.455357142944,386,654628,8387.384560585022
0.3,0.99,5000000,11265.626785714396,396,665912,8882.727971076965
0.3,0.99,5000000,10503.924642857226,383,653818,7896.8215675354
0.3,0.99,5000000,11071.6789285715,380,640404,8659.952981948853
0.2,0.99,5000000,11839.622857142956,395,698954,10976.949848651886
0.2,0.99,5000000,12319.150357142951,379,664972,11012.56207203865
0.3,0.99,5000000,10568.75035714298,384,668492,8799.573489189148
0.2,0.99,5000000,12049.54035714291,398,706182,11328.738671302795
0.2,0.99,5000000,12902.82178571444,394,675050,11475.612882614136
0.2,0.99,5000000,12846.034642857312,394,694612,11495.158433675766
0.2,0.99,5000000,12988.13678571442,398,676118,11837.764622926712
0.2,0.99,5000000,12528.028571428691,386,676652,12123.974008321762
0.2,0.99,5000000,13095.43642857159,392,676108,12187.831726789474
0.2,0.99,5000000,13216.278928571497,393,682804,12208.181626796722
0.2,0.99,5000000,13017.430357143037,386,677918,12209.038160800934
0.2,0.99,5000000,12976.899642857288,391,698074,12557.971421957016
0.6,0.99,5000000,8266.252500000013,420,682508,6162.584335327148
0.5,0.99,5000000,8823.696428571468,398,659648,6582.765398979187
0.2,0.99,5000000,13570.21964285732,401,701240,13782.882205247879
0.2,0.99,5000000,12915.645357142992,394,702940,13998.23994588852
0.5,0.99,5000000,8964.048214285724,382,635530,6605.5500745773315
0.5,0.99,5000000,8367.22321428573,391,640500,6920.112883090973
0.2,0.99,5000000,12384.690357142974,396,678126,13069.33284687996
0.5,0.99,5000000,8968.456428571404,400,667622,7140.204156637192
0.3,0.99,5000000,10738.074285714361,372,642710,8727.383435487747
0.5,0.99,5000000,8557.371071428579,387,651690,7106.198388338089
0.5,0.99,5000000,8641.512857142872,385,661658,7268.130798578262
0.5,0.99,5000000,8379.90964285714,392,663952,7073.637354373932
0.4,0.99,5000000,9807.338571428632,386,645386,7223.290009498596
0.3,0.99,5000000,10978.792500000049,403,678190,9324.835823059082
0.3,0.99,5000000,11086.32071428585,384,669102,9518.56087422371
0.4,0.99,5000000,9068.040357142863,405,671452,7506.652516841888
0.4,0.99,5000000,9399.048928571434,388,656178,7003.194301128387
0.4,0.99,5000000,10580.370357142949,391,655082,8162.844222784042
0.4,0.99,5000000,10022.644285714292,381,654160,7182.877592802048
0.7,0.99,5000000,7886.63035714286,380,627764,6095.4555196762085
0.6,0.99,5000000,8390.99285714286,394,636636,6043.541989564896
0.6,0.99,5000000,8452.384999999998,403,676202,5981.086985349655
0.3,0.99,5000000,11039.161785714405,376,643584,9112.104706048965
0.3,0.99,5000000,11012.390000000058,397,668770,9284.911805868149
0.3,0.99,5000000,10793.741428571511,376,649606,9092.815869808197
0.3,0.99,5000000,10489.03464285718,389,657006,8762.42539858818
0.3,0.99,5000000,10973.844285714344,389,659294,8783.656526327133
0.3,0.99,5000000,10893.041785714344,386,656538,8941.141562700272
0.3,0.99,5000000,11154.948214285807,391,673792,9703.513542413712
0.6,0.99,5000000,8040.908571428559,387,631792,6488.922408819199
0.3,0.99,5000000,11377.58642857151,385,674680,9546.12847995758
0.3,0.99,5000000,11286.810357143002,376,652176,10266.930985689163
0.3,0.99,5000000,11702.35821428582,388,689130,9940.738160610199
0.6,0.99,5000000,8156.926071428551,401,656122,6569.88548374176
0.5,0.99,5000000,8756.51714285713,389,667446,6316.388225078583
0.6,0.99,5000000,8171.9957142856965,387,639414,6729.8562643527985
0.3,0.99,5000000,11441.53321428583,377,647302,9450.876518726349
0.6,0.99,5000000,8177.122142857172,409,666360,7009.728413581848
0.6,0.99,5000000,8299.449285714312,389,651752,6729.985230207443
0.5,0.99,5000000,8673.43999999999,397,640952,6594.644292593002
0.4,0.99,5000000,10099.90821428579,378,648458,7283.567697048187
0.4,0.99,5000000,9446.032857142893,391,644818,7988.370584011078
0.3,0.99,5000000,10375.176428571509,379,659836,9285.801899194717
0.5,0.99,5000000,8710.618571428586,385,642000,6499.8130424022675
0.4,0.99,5000000,9278.552857142864,389,678440,7458.5615310668945
0.3,0.99,5000000,10894.035000000058,382,648390,9704.807188510895
0.5,0.99,5000000,8836.6160714286,396,662872,6854.220511436462
0.3,0.99,5000000,10585.768214285768,381,663944,9299.769496917725
0.8,0.99,5000000,7906.011785714282,388,635966,5836.975143432617
0.5,0.99,5000000,8520.581785714288,384,618522,6442.7470071315765
0.7,0.99,5000000,7789.580714285687,424,675512,5800.02766418457
0.7,0.99,5000000,7987.227857142846,383,618138,5788.005254507065
0.4,0.99,5000000,9132.601785714316,377,630026,7719.678852081299
0.6,0.99,5000000,8313.76357142859,392,632602,5986.103923082352
0.4,0.99,5000000,9160.71249999999,381,655056,7665.497375488281
0.4,0.99,5000000,9420.269285714301,387,656940,7657.083735227585
0.7,0.99,5000000,8167.871428571423,391,650460,6509.565445184708
0.7,0.99,5000000,7905.971785714289,400,691442,6402.38710474968
0.7,0.99,5000000,7967.6717857143,409,679112,6263.9385533332825
0.4,0.99,5000000,9436.639285714291,393,674210,7446.116612195969
0.7,0.99,5000000,7938.8978571428715,403,664898,6407.469963788986
0.4,0.99,5000000,9503.558571428583,389,647538,7592.948012590408
0.4,0.99,5000000,9811.3810714286,390,659136,7451.3194942474365
0.7,0.99,5000000,7923.1971428571205,397,638474,6471.458258390427
0.4,0.99,5000000,9329.68321428574,372,636898,7444.540125370026
0.4,0.99,5000000,9550.966071428673,381,648306,8189.2900557518005
0.6,0.99,5000000,8248.617142857176,393,654074,6503.079886198044
0.6,0.99,5000000,8122.707499999992,393,646204,6152.564701557159
0.4,0.99,5000000,9442.234642857202,394,653184,7793.193531513214
0.4,0.99,5000000,9309.795000000013,395,652894,7881.297840595245
0.4,0.99,5000000,9279.432857142874,396,662706,7656.922595500946
0.5,0.99,5000000,8361.83785714286,386,644968,6754.6207802295685
0.9,0.99,5000000,7456.163571428564,436,681416,5545.454008340836
0.5,0.99,5000000,8818.475357142876,408,667484,6947.86127614975
0.6,0.99,5000000,8096.402142857159,387,657200,6246.001303434372
0.5,0.99,5000000,8722.089285714284,396,637910,6977.9751307964325
0.6,0.99,5000000,8168.01714285714,392,653154,5985.581652641296
0.4,0.99,5000000,9171.508214285726,392,651566,7419.826886892319
0.8,0.99,5000000,7651.360714285697,406,651180,5664.551986217499
0.8,0.99,5000000,7596.924285714296,399,632380,5705.134692668915
0.4,0.99,5000000,9020.743928571432,399,658958,7510.677071094513
0.4,0.99,5000000,9558.630357142898,395,658078,8492.965148448944
0.7,0.99,5000000,8012.611785714283,395,636818,5812.34486079216
0.8,0.99,5000000,7786.157857142845,410,645004,6267.84664773941
0.8,0.99,5000000,7820.091071428561,412,646964,6377.266716480255
0.8,0.99,5000000,7771.3314285714205,388,638726,6276.857046365738
0.5,0.99,5000000,8590.563214285756,394,645616,6753.538673400879
0.8,0.99,5000000,7776.3292857142815,419,663428,6268.831569671631
0.5,0.99,5000000,8911.398928571429,384,643014,6936.466436862946
0.8,0.99,5000000,7745.356428571412,405,671380,6277.210276603699
0.5,0.99,5000000,8841.671071428582,388,646036,6724.765009641647
0.5,0.99,5000000,8530.28321428572,386,627836,7073.775247812271
0.5,0.99,5000000,8812.506428571436,386,629152,6830.324681997299
0.7,0.99,5000000,7885.593214285707,398,649254,5891.694171190262
0.5,0.99,5000000,8214.131428571409,388,647506,6821.094148159027
1.0,0.99,5000000,7129.809999999999,1210,810026,5394.196319103241
0.7,0.99,5000000,8163.334642857143,389,632760,6063.993163347244
0.6,0.99,5000000,8210.836428571418,399,642338,6342.908016443253
0.5,0.99,5000000,8906.63214285714,377,641454,7115.075158119202
0.7,0.99,5000000,7746.957857142844,395,651004,6067.875342607498
0.5,0.99,5000000,8534.887142857153,392,643708,7024.584326982498
0.5,0.99,5000000,8523.805714285725,390,656010,6866.163759946823
0.5,0.99,5000000,8576.756071428597,390,652726,6968.391831874847
0.7,0.99,5000000,8095.8678571428745,387,637214,5892.083131790161
0.5,0.99,5000000,8636.301785714302,388,660440,7001.685853242874
0.6,0.99,5000000,8326.913571428588,407,641580,6495.744141340256
0.9,0.99,5000000,7348.924642857147,428,668858,5587.975020647049
0.6,0.99,5000000,8129.26535714288,375,650562,6373.34712433815
0.9,0.99,5000000,7449.3667857142855,416,643746,5525.56125497818
0.5,0.99,5000000,8579.695714285726,386,643908,6921.9642832279205
0.5,0.99,5000000,8371.460714285708,390,648366,6807.39750289917
0.5,0.99,5000000,8785.794642857136,386,656866,7150.9067549705505
0.8,0.99,5000000,7727.099285714273,399,640322,5636.81033873558
0.9,0.99,5000000,7473.13964285714,405,656502,6078.519622325897
0.9,0.99,5000000,7776.781785714314,394,635226,6212.844618320465
0.9,0.99,5000000,7525.604285714272,412,675648,6207.442952156067
0.9,0.99,5000000,7602.677857142846,393,643140,6161.460735082626
0.6,0.99,5000000,7902.545357142859,413,675834,6358.470012664795
0.8,0.99,5000000,7490.2717857143,411,668010,5572.591448307037
0.9,0.99,5000000,7672.613214285719,396,643152,6111.680145025253
0.8,0.99,5000000,7776.373928571448,407,636772,5815.559145450592
0.6,0.99,5000000,7951.305357142842,386,632334,6479.100379228592
0.6,0.99,5000000,8436.670357142839,409,649976,6509.248205661774
0.6,0.99,5000000,8008.944285714301,389,658600,6449.165909051895
0.6,0.99,5000000,8068.859285714257,383,623844,6741.4992706775665
0.6,0.99,5000000,8049.6217857142865,409,657552,6536.742854833603
1.0,0.99,5000000,7035.405000000004,1165,843396,5416.735906600952
0.8,0.99,5000000,7730.506785714257,396,632400,5665.222764968872
0.8,0.99,5000000,7690.308214285718,417,659892,5958.491074562073
0.7,0.99,5000000,8053.716071428557,406,651796,6064.785359382629
1.0,0.99,5000000,7055.424999999994,1717,815012,5424.104519367218
0.7,0.99,5000000,8013.902142857153,403,655244,6088.507410526276
0.6,0.99,5000000,8130.937499999999,377,626312,6537.12689948082
0.6,0.99,5000000,8209.82035714284,396,644074,6750.746856451035
0.6,0.99,5000000,8149.959642857119,384,660034,6491.016832113266
0.7,0.99,5000000,7921.964642857139,401,659186,6445.875508785248
0.6,0.99,5000000,8037.600357142855,380,636858,6645.543235778809
0.6,0.99,5000000,8130.6564285714285,392,645672,6619.244881391525
0.6,0.99,5000000,8151.777142857141,399,654042,6590.350852251053
0.9,0.99,5000000,7611.293571428578,407,648966,5581.8922436237335
0.6,0.99,5000000,8155.957857142869,393,643078,6578.934622049332
0.6,0.99,5000000,8183.692142857144,394,662486,6653.161623477936
1.0,0.99,5000000,7266.151428571428,1542,774236,5918.883255958557
1.0,0.99,5000000,7132.903214285722,932,767634,5871.340225458145
0.9,0.99,5000000,7762.260000000009,396,643874,5664.231596946716
1.0,0.99,5000000,7115.918571428588,1090,827452,5979.630754709244
1.0,0.99,5000000,7023.715714285702,994,816236,5893.754072189331
1.0,0.99,5000000,7348.31785714286,1110,887576,5873.116485118866
0.7,0.99,5000000,8096.453571428564,394,656084,6175.032631397247
0.9,0.99,5000000,7730.605000000016,410,651872,5868.964013814926
0.7,0.99,5000000,7964.903214285716,396,655024,6159.936084508896
0.7,0.99,5000000,7926.909642857128,398,636404,6424.1520409584045
0.9,0.99,5000000,7582.468214285712,432,662350,5651.435525894165
0.9,0.99,5000000,7446.007142857144,401,636132,5794.711833953857
0.7,0.99,5000000,7712.5950000000175,386,632600,6282.151788473129
0.8,0.99,5000000,7752.8707142857065,412,673772,5884.691348552704
0.7,0.99,5000000,7922.728928571436,391,635576,6277.124108791351
0.7,0.99,5000000,8018.687500000003,395,650700,6442.411530971527
0.8,0.99,5000000,7516.366428571425,413,648098,6096.376989603043
0.7,0.99,5000000,7817.201785714263,392,647526,6164.25812292099
0.7,0.99,5000000,7798.517857142857,395,644510,6421.3778860569
0.8,0.99,5000000,7754.337857142869,394,643922,6333.45600104332
0.7,0.99,5000000,7701.8746428571385,400,661082,6287.216735839844
0.7,0.99,5000000,8239.003928571421,400,644404,6566.72255897522
0.7,0.99,5000000,8289.715357142857,423,661174,6454.529428720474
1.0,0.99,5000000,7255.408571428571,896,832554,5292.277839899063
0.7,0.99,5000000,8013.500357142863,390,643064,6445.4501078128815
0.7,0.99,5000000,7841.769642857153,385,628618,6316.012703180313
1.0,0.99,5000000,7149.539285714281,1167,797020,5409.728761434555
0.7,0.99,5000000,7926.7289285714305,401,637964,6513.638553142548
1.0,0.99,5000000,6984.793928571426,1432,758522,5592.845684051514
0.8,0.99,5000000,7623.559999999996,410,652332,6064.381032705307
1.0,0.99,5000000,7090.446785714268,2221,902958,5346.03154873848
1.0,0.99,5000000,7155.193214285711,1007,781670,5515.097998142242
0.8,0.99,5000000,7764.218928571453,396,651508,5985.130683898926
0.8,0.99,5000000,7753.13,409,645612,6157.761161804199
0.9,0.99,5000000,7612.885000000002,419,664828,5830.459305047989
0.8,0.99,5000000,7906.659285714273,403,655224,6180.8012483119965
0.8,0.99,5000000,7806.747500000008,385,624182,6311.985198497772
0.8,0.99,5000000,7880.205357142843,393,634240,6327.856599807739
0.9,0.99,5000000,7487.11571428571,412,663480,5721.1202182769775
0.8,0.99,5000000,7722.493214285699,411,651372,6146.80973982811
0.9,0.99,5000000,7676.29642857141,413,661080,6096.522332906723
0.8,0.99,5000000,7991.028214285696,402,634966,6282.55029630661
0.8,0.99,5000000,7681.2849999999935,398,636852,6240.577972650528
0.8,0.99,5000000,7720.591785714284,404,638834,6291.419671058655
0.8,0.99,5000000,7758.554285714296,397,650126,6264.433903217316
0.8,0.99,5000000,7736.369999999968,390,655758,6157.045355081558
0.8,0.99,5000000,7895.473214285694,394,666232,6171.495796442032
0.8,0.99,5000000,7609.1160714285725,390,633138,6464.839350938797
0.9,0.99,5000000,7544.569642857145,420,688090,5835.899975538254
1.0,0.99,5000000,7024.2017857142955,622,796332,5631.541414737701
0.9,0.99,5000000,7498.764285714274,416,651412,5904.119491815567
0.9,0.99,5000000,7570.921785714267,392,655856,6129.388452529907
1.0,0.99,5000000,6969.7217857142905,793,856300,5625.970353603363
0.9,0.99,5000000,7747.703928571422,398,643814,6127.585209131241
0.9,0.99,5000000,7614.29035714286,415,650340,6088.515407562256
0.9,0.99,5000000,7645.615357142858,426,655072,6087.063935995102
0.9,0.99,5000000,7640.919999999972,392,640294,5978.508571147919
1.0,0.99,5000000,7250.61214285713,940,829592,5937.584426403046
0.9,0.99,5000000,7527.454642857148,408,663924,5962.845796108246
0.9,0.99,5000000,7555.610357142856,400,666610,6007.90695643425
0.9,0.99,5000000,7512.176428571414,396,645028,6021.874348163605
0.9,0.99,5000000,7515.9221428571245,422,666576,6126.9218146800995
0.9,0.99,5000000,7478.9367857142715,404,637938,5883.068997383118
0.9,0.99,5000000,7420.961071428554,409,665564,5997.076028585434
1.0,0.99,5000000,7241.316071428582,786,799160,5367.672602176666
0.9,0.99,5000000,7442.09607142857,412,640744,5900.740346431732
1.0,0.99,5000000,6910.765714285714,1062,860060,5441.739383220673
1.0,0.99,5000000,7111.941428571452,751,812768,5769.52653336525
1.0,0.99,5000000,7051.247142857154,993,777166,5751.688897371292
1.0,0.99,5000000,6980.054642857141,901,792030,5765.113411903381
1.0,0.99,5000000,7092.35035714286,799,818704,5762.107711076736
1.0,0.99,5000000,7197.3939285714205,1265,787036,5789.110841989517
1.0,0.99,5000000,7146.700357142853,1405,834004,5664.17195725441
1.0,0.99,5000000,7094.119285714274,668,836578,5602.036740779877
1.0,0.99,5000000,6854.973928571458,1213,848582,5778.832913398743
1.0,0.99,5000000,7001.958571428572,1628,852422,5556.80077958107
1.0,0.99,5000000,7086.621785714285,1425,882236,5653.329126596451
1.0,0.99,5000000,7215.137142857154,729,870470,5660.253192424774
1.0,0.99,5000000,7113.383214285716,1205,809796,5477.169235706329
