0.0,0.95,500000,9641.4823809525,332,448660,516.5046329498291
0.0,0.95,500000,9858.404285714418,333,464744,541.8207769393921
0.0,0.95,500000,9586.758809523884,322,447786,543.8466391563416
0.0,0.95,500000,9906.134523809644,339,471488,554.1372351646423
0.0,0.95,500000,9377.643095238167,320,433686,558.5543773174286
0.0,0.95,500000,9508.762380952467,324,453082,561.9462294578552
0.0,0.95,500000,9697.645238095365,335,461838,562.7835471630096
0.0,0.95,500000,9442.012857142969,328,452358,565.0151517391205
0.0,0.95,500000,9240.759047619154,312,450418,567.3918604850769
0.0,0.95,500000,9416.446904762008,320,447534,572.5280389785767
0.0,0.95,500000,9193.22023809533,319,430294,572.454507112503
0.0,0.95,500000,9497.920476190608,321,446318,573.7620735168457
0.0,0.95,500000,9480.88166666675,318,438512,574.612991809845
0.0,0.95,500000,9483.399523809621,318,442822,576.2000248432159
0.0,0.95,500000,9739.921904762068,328,443080,576.55228972435
0.0,0.95,500000,9473.981666666801,325,450002,579.4038164615631
0.0,0.95,500000,9293.361190476278,329,446648,581.7936797142029
0.0,0.95,500000,9491.3604761906,320,447728,582.7661778926849
0.0,0.95,500000,9642.325000000163,334,463260,583.4672598838806
0.0,0.95,500000,9569.478809523915,332,464262,586.6716446876526
0.0,0.95,500000,9571.866904762017,328,447764,588.0628082752228
0.0,0.95,500000,9626.337142857283,320,441510,588.3104708194733
0.0,0.95,500000,9594.793571428687,324,448088,593.580197095871
0.0,0.95,500000,9722.37476190489,331,450630,595.7158043384552
0.0,0.95,500000,9473.151666666785,327,450286,596.1897625923157
0.0,0.95,500000,9753.005476190607,334,458692,598.8896908760071
0.0,0.95,500000,9597.090000000098,334,447226,599.2826759815216
0.0,0.95,500000,9631.929761904941,328,452634,601.7388780117035
0.0,0.95,500000,9530.318095238219,320,444316,603.2261443138123
0.0,0.95,500000,9976.530952381061,331,471866,606.3495268821716
0.1,0.95,500000,6811.124523809542,307,445178,384.76474618911743
0.1,0.95,500000,6944.382142857161,307,441756,383.4208302497864
0.1,0.95,500000,6702.92738095242,307,435422,398.2703800201416
0.1,0.95,500000,6742.1876190476205,310,435470,396.1425869464874
0.1,0.95,500000,7036.53785714284,314,439182,398.1467571258545
0.1,0.95,500000,6732.299523809546,304,421724,412.39090371131897
0.1,0.95,500000,6729.592142857147,311,440550,417.5720946788788
0.1,0.95,500000,6788.127380952387,303,422152,411.302312374115
0.1,0.95,500000,6759.080952380966,313,444258,420.10462617874146
0.1,0.95,500000,6686.707619047641,307,456674,413.0876441001892
0.1,0.95,500000,6791.097857142875,313,434866,423.2954499721527
0.1,0.95,500000,6883.6252380952565,305,432894,430.71568751335144
0.1,0.95,500000,6855.82690476191,304,420266,422.81580996513367
0.1,0.95,500000,6744.651428571427,320,446072,410.6235077381134
0.1,0.95,500000,6967.01357142859,305,414322,426.6999762058258
0.1,0.95,500000,6728.410714285739,302,441074,421.1076292991638
0.1,0.95,500000,6894.958809523809,309,439834,417.25864124298096
0.1,0.95,500000,6882.272619047625,298,431348,422.39041900634766
0.1,0.95,500000,6959.176904761917,302,439758,420.39087772369385
0.1,0.95,500000,6773.944761904771,299,429078,428.5041365623474
0.1,0.95,500000,7136.591666666676,299,428734,435.0244355201721
0.1,0.95,500000,6896.2916666666915,301,416234,417.55184721946716
0.1,0.95,500000,6716.849523809535,310,457604,423.7183372974396
0.1,0.95,500000,6916.2392857143,298,432418,419.98548555374146
0.1,0.95,500000,7043.194285714288,308,429762,421.2491261959076
0.1,0.95,500000,7140.332619047621,307,441408,443.2281951904297
0.1,0.95,500000,6796.221428571422,297,431474,419.89302229881287
0.1,0.95,500000,6907.632857142884,305,430944,433.26415610313416
0.1,0.95,500000,7062.621666666678,312,430444,440.4532382488251
0.1,0.95,500000,7058.730238095228,300,420746,453.8652048110962
0.2,0.95,500000,5326.921904761916,315,453760,326.0025599002838
0.2,0.95,500000,5467.39023809524,308,472530,323.5919156074524
0.2,0.95,500000,5364.415714285708,311,433778,344.1644814014435
0.2,0.95,500000,5435.52857142859,304,445836,339.0375485420227
0.2,0.95,500000,5461.880476190489,306,440796,341.5243422985077
0.2,0.95,500000,5431.818571428593,311,434554,351.960480928421
0.2,0.95,500000,5157.271904761911,313,434222,351.5500147342682
0.2,0.95,500000,5335.744523809539,321,420496,355.56729221343994
0.2,0.95,500000,5470.297857142882,314,459784,356.3691041469574
0.2,0.95,500000,5462.499523809527,309,450432,349.8745262622833
0.2,0.95,500000,5440.544047619062,313,437388,357.40602374076843
0.2,0.95,500000,5444.205000000015,311,435224,356.98003363609314
0.2,0.95,500000,5343.107142857146,307,417544,360.02959537506104
0.2,0.95,500000,5400.748809523806,318,445700,359.0267894268036
0.2,0.95,500000,5403.441428571446,318,448584,353.47475504875183
0.2,0.95,500000,5482.52833333334,315,442322,361.3406698703766
0.2,0.95,500000,5288.550000000005,310,448870,365.8557834625244
0.2,0.95,500000,5277.509761904776,312,457842,344.66513180732727
0.2,0.95,500000,5350.759523809532,311,438900,363.0926525592804
0.2,0.95,500000,5299.315476190485,308,449532,361.89623522758484
0.2,0.95,500000,5585.680476190503,307,452430,361.5388424396515

0.2,0.95,500000,5377.915000000015,309,456008,358.39144134521484
0.2,0.95,500000,5631.001428571455,309,429394,369.63635873794556
0.2,0.95,500000,5447.043809523806,307,426038,360.4171099662781
0.2,0.95,500000,5454.387857142866,310,434388,370.2624843120575
0.2,0.95,500000,5346.18095238095,318,460792,362.80500626564026
0.2,0.95,500000,5437.4252380952485,317,431946,359.50986337661743
0.2,0.95,500000,5451.12214285716,308,434978,355.6763219833374
0.2,0.95,500000,5626.624047619057,314,412312,359.6129605770111
0.3,0.95,500000,4702.688809523809,334,476346,299.76781272888184
0.3,0.95,500000,4830.679999999998,328,467422,302.1804430484772
0.3,0.95,500000,4541.718095238097,325,466242,301.73196721076965
0.3,0.95,500000,4624.420714285719,336,475826,319.50152349472046
0.3,0.95,500000,4777.462142857149,328,479482,317.5298488140106
0.3,0.95,500000,4705.36404761906,325,464606,313.47483348846436
0.3,0.95,500000,4678.6245238095125,324,465694,322.25930428504944
0.3,0.95,500000,4718.00833333335,326,465848,324.5444712638855
0.3,0.95,500000,4780.087619047633,319,449852,327.8132653236389
0.3,0.95,500000,4756.369047619051,326,467576,322.57768416404724
0.3,0.95,500000,4694.749523809531,326,464800,316.97524523735046
0.3,0.95,500000,4629.967142857131,329,476832,324.52303862571716
0.3,0.95,500000,4767.12809523811,323,465788,327.77808594703674
0.3,0.95,500000,4616.944047619051,325,466534,328.6066360473633
0.3,0.95,500000,4651.757380952386,317,446352,331.3559319972992
0.3,0.95,500000,4749.2840476190595,331,470564,325.7120645046234
0.3,0.95,500000,4870.032619047648,323,476060,327.78861451148987
0.3,0.95,500000,4605.955476190478,336,461162,331.5639851093292
0.3,0.95,500000,4695.944523809527,328,454594,322.9744989871979
0.3,0.95,500000,4763.946904761917,318,448980,323.54753041267395
0.3,0.95,500000,4788.678095238107,322,460938,332.6416754722595
0.3,0.95,500000,4738.766904761899,328,452258,327.61124062538147
0.3,0.95,500000,4798.8580952381135,324,462880,330.27558732032776
0.3,0.95,500000,4730.790000000002,325,463402,330.8306407928467
0.3,0.95,500000,4760.119761904773,324,440604,329.13172817230225
0.3,0.95,500000,4723.640238095245,326,447622,330.02835154533386
0.3,0.95,500000,4801.5254761904735,325,458752,322.60771131515503
0.3,0.95,500000,4737.524285714283,333,464434,338.3784852027893
0.3,0.95,500000,4716.3866666666745,321,472518,327.7668480873108
0.3,0.95,500000,4829.636666666683,335,463380,335.2987287044525
0.4,0.95,500000,4397.883333333348,345,488416,286.67390489578247
0.4,0.95,500000,4352.188333333337,349,489358,280.85792112350464
0.4,0.95,500000,4333.140952380946,357,501536,289.60708498954773
0.4,0.95,500000,4325.805476190489,340,478710,306.9177896976471
0.4,0.95,500000,4325.922380952406,352,494242,296.1221203804016
0.4,0.95,500000,4253.338571428589,349,493538,304.06080985069275
0.4,0.95,500000,4345.640000000017,354,506622,311.1727497577667
0.4,0.95,500000,4415.348809523824,334,482252,307.658652305603
0.4,0.95,500000,4369.0595238095475,335,456800,307.35580611228943
0.4,0.95,500000,4326.341666666676,347,476244,309.24880504608154
0.4,0.95,500000,4363.179761904776,345,484416,309.08738565444946
0.4,0.95,500000,4370.145238095248,341,477758,310.08086800575256
0.4,0.95,500000,4310.20785714285,353,506572,304.8272523880005
0.4,0.95,500000,4360.151666666667,342,511358,313.4523322582245
0.4,0.95,500000,4215.805238095245,359,501586,305.2554748058319
0.4,0.95,500000,4301.103333333331,358,503756,307.1294469833374
0.4,0.95,500000,4413.959047619059,334,473162,311.317923784256
0.4,0.95,500000,4238.957142857153,355,494632,306.18202233314514
0.4,0.95,500000,4344.6900000000105,352,503176,316.87096309661865
0.4,0.95,500000,4285.003809523821,351,491950,309.100919008255
0.4,0.95,500000,4346.1809523809625,346,478906,314.57594871520996
0.4,0.95,500000,4330.1392857143,347,477474,312.8189778327942
0.4,0.95,500000,4288.367619047618,350,495648,303.51248049736023
0.4,0.95,500000,4378.275476190495,351,489490,305.5453131198883
0.4,0.95,500000,4245.53214285716,343,513330,305.92386746406555
0.4,0.95,500000,4319.380000000019,340,464778,305.8260533809662
0.4,0.95,500000,4262.775238095249,342,504468,310.7901656627655
0.4,0.95,500000,4373.8257142857165,346,483110,309.91796135902405
0.4,0.95,500000,4370.964285714288,354,496860,305.5108664035797
0.4,0.95,500000,4325.741428571449,345,484158,308.049929857254
0.5,0.95,500000,3979.3038095238126,359,520046,267.84657645225525
0.5,0.95,500000,4096.873571428573,368,528060,273.2185275554657
0.5,0.95,500000,4022.5316666666677,373,531634,277.2429859638214
0.5,0.95,500000,4162.128333333349,373,535998,289.7819662094116
0.5,0.95,500000,4059.6652380952546,372,544664,285.84707975387573
0.5,0.95,500000,3995.6635714285735,362,520572,298.3320028781891
0.5,0.95,500000,4073.203809523832,355,515340,295.76351594924927
0.5,0.95,500000,4099.629523809523,376,521604,293.6517868041992
0.5,0.95,500000,4040.4023809523896,362,536610,295.898330450058
0.5,0.95,500000,4047.3390476190493,355,510556,294.961266040802
0.5,0.95,500000,4078.3219047619164,357,493364,292.04162073135376
0.5,0.95,500000,4015.1176190476185,358,501588,294.3027102947235
0.5,0.95,500000,4077.854523809546,369,501546,294.39032673835754
0.5,0.95,500000,4144.520952380959,366,512658,297.6609752178192
0.5,0.95,500000,4077.763095238099,361,522922,294.7732529640198
0.5,0.95,500000,4102.9442857142985,372,533996,295.19594955444336
0.5,0.95,500000,4115.555476190482,364,504932,299.8853614330292
0.5,0.95,500000,4069.2592857142936,363,539554,292.86980056762695
0.5,0.95,500000,4140.747380952393,370,517054,301.8908052444458
0.5,0.95,500000,4036.025714285722,383,540372,297.1563069820404
0.5,0.95,500000,4055.235476190481,370,523626,294.8408372402191
0.5,0.95,500000,4044.1040476190565,376,555070,293.26156306266785
0.5,0.95,500000,4086.6900000000132,364,514624,297.4814467430115
0.5,0.95,500000,4026.2552380952498,365,514864,294.9060490131378
0.5,0.95,500000,4090.161428571432,360,529672,291.30256628990173
0.5,0.95,500000,4054.7607142857278,370,525508,296.0494704246521
0.5,0.95,500000,4135.368809523819,377,516778,300.3939549922943
0.5,0.95,500000,4163.217142857159,358,506996,301.26585388183594
0.5,0.95,500000,4121.13380952382,365,527844,299.71248292922974
0.6,0.95,500000,3971.6419047619142,381,539414,269.26416397094727
0.6,0.95,500000,3941.7366666666762,390,564118,267.4445688724518
0.6,0.95,500000,3919.649047619064,385,547018,275.18403601646423
0.6,0.95,500000,3900.540952380957,390,547188,277.0754704475403
0.6,0.95,500000,3920.8266666666805,378,535058,283.34465622901917
0.6,0.95,500000,3890.4171428571403,395,566326,287.0201027393341
0.6,0.95,500000,3927.850000000012,389,556064,288.22488737106323
0.6,0.95,500000,3956.5171428571475,380,550256,283.5949194431305
0.6,0.95,500000,4018.2257142857193,378,539712,289.13494086265564
0.6,0.95,500000,3920.0447619047736,379,551756,286.81702494621277
0.6,0.95,500000,3878.6423809523935,378,547220,289.2962827682495
0.6,0.95,500000,3848.79047619048,401,556086,287.90835762023926
0.6,0.95,500000,3862.1307142857167,380,571612,290.07890272140503
0.6,0.95,500000,3929.1795238095274,370,542456,284.4226105213165
0.6,0.95,500000,3910.443333333338,377,542466,289.1524705886841
0.6,0.95,500000,3862.4238095238197,394,566688,288.33001708984375
0.6,0.95,500000,3924.2833333333424,390,553826,287.6497550010681
0.6,0.95,500000,3842.8869047619096,396,582082,290.05770802497864
0.6,0.95,500000,3824.280952380954,394,557766,289.5231544971466
0.6,0.95,500000,3880.422619047628,394,564396,282.5306570529938
0.6,0.95,500000,3890.677142857149,390,561680,283.985985994339
0.6,0.95,500000,3841.7714285714346,389,579730,286.73651933670044
0.6,0.95,500000,3900.7338095238124,390,571968,286.18725204467773
0.6,0.95,500000,3912.486666666673,394,582898,287.1420352458954
0.6,0.95,500000,3883.597619047625,378,551232,289.63616824150085
0.6,0.95,500000,3980.709047619062,385,551558,286.5184979438782
0.7,0.95,500000,3905.940714285717,385,556740,265.6008303165436
0.6,0.95,500000,3951.3050000000035,383,545628,289.0303819179535
0.6,0.95,500000,4035.521190476194,384,544912,293.1824743747711
0.6,0.95,500000,3881.721904761911,390,546020,284.0754814147949
0.7,0.95,500000,3919.9000000000046,385,549638,262.159015417099
0.6,0.95,500000,3913.442142857155,384,531556,293.17998719215393
0.7,0.95,500000,3732.6871428571467,409,571618,273.8973054885864
0.7,0.95,500000,3756.339523809532,404,582852,273.3557438850403
0.7,0.95,500000,3807.7626190476294,402,608664,273.5030241012573
0.7,0.95,500000,3800.7790476190485,411,594904,277.25921273231506
0.7,0.95,500000,3817.0176190476245,388,568838,280.91615056991577
0.7,0.95,500000,3772.7585714285806,395,570346,278.34350848197937
0.7,0.95,500000,3848.1714285714284,388,557714,289.10327196121216
0.7,0.95,500000,3840.931190476197,399,577754,281.72810435295105
0.7,0.95,500000,3798.765952380963,412,598186,282.8337354660034
0.7,0.95,500000,3788.9271428571546,416,604596,281.8224003314972
0.7,0.95,500000,3815.082142857155,400,581394,283.2768440246582
0.7,0.95,500000,3857.6690476190547,401,570514,281.49026679992676
0.7,0.95,500000,3773.2473809523835,401,587540,280.2864179611206
0.7,0.95,500000,3780.3330952380984,419,618126,281.0426700115204
0.7,0.95,500000,3786.8116666666756,406,585974,287.29602789878845
0.7,0.95,500000,3811.8616666666776,408,582668,276.4522087574005
0.7,0.95,500000,3803.7335714285805,405,598290,284.8326771259308
0.7,0.95,500000,3850.4319047619106,392,561654,282.7681152820587
0.8,0.95,500000,3688.371666666668,429,627116,259.47742772102356
0.7,0.95,500000,3818.5490476190557,422,588200,284.4708049297333
0.7,0.95,500000,3876.3128571428574,401,587600,283.9908218383789
0.7,0.95,500000,3771.520238095246,393,567636,285.5951874256134
0.7,0.95,500000,3794.620238095247,404,552844,291.56065225601196
0.7,0.95,500000,3857.580238095235,413,574862,284.2939603328705
0.7,0.95,500000,3849.4733333333415,399,565326,286.6523530483246
0.7,0.95,500000,3765.46476190477,406,593810,279.20028281211853
0.8,0.95,500000,3776.149047619053,395,570276,262.69209146499634
0.7,0.95,500000,3757.256904761914,407,572452,282.6335928440094
0.7,0.95,500000,3843.47761904763,395,560694,280.45217847824097
0.7,0.95,500000,3841.043571428576,388,559414,286.841340303421
0.8,0.95,500000,3730.8164285714233,418,622358,265.4102885723114
0.8,0.95,500000,3664.462380952379,422,596418,262.6869306564331
0.8,0.95,500000,3741.265952380952,413,613758,276.36294293403625
0.8,0.95,500000,3707.657619047616,411,581860,274.3335041999817
0.8,0.95,500000,3736.031666666679,411,608454,279.08369636535645
0.8,0.95,500000,3733.9452380952425,410,590350,278.2194962501526
0.8,0.95,500000,3717.099047619061,415,616790,278.60037207603455
0.8,0.95,500000,3710.329285714284,419,620162,273.8609142303467
0.8,0.95,500000,3676.8226190476216,419,603164,281.3491835594177
0.9,0.95,500000,3690.352380952382,417,616416,254.53717803955078
0.8,0.95,500000,3715.2999999999993,418,621314,282.6935667991638
0.8,0.95,500000,3656.96595238096,419,587634,283.56224632263184
0.8,0.95,500000,3702.4433333333354,424,609420,280.8919560909271
0.8,0.95,500000,3706.233095238092,405,594130,279.2456533908844
0.8,0.95,500000,3751.1726190476265,413,603166,282.4143211841583
0.8,0.95,500000,3718.788333333338,433,643076,278.14746952056885
0.8,0.95,500000,3728.149047619047,415,590780,278.5179078578949
0.8,0.95,500000,3717.3566666666684,418,599878,278.5338079929352
0.9,0.95,500000,3670.754047619044,425,606632,256.4790358543396
0.8,0.95,500000,3734.52357142858,422,600438,275.57550168037415
0.8,0.95,500000,3749.795476190486,407,599388,273.8059034347534
0.8,0.95,500000,3739.860952380956,430,617900,279.1117618083954
0.8,0.95,500000,3735.8080952380906,406,582972,275.6979806423187
0.8,0.95,500000,3755.176190476191,409,612648,278.61508655548096
0.8,0.95,500000,3756.8371428571486,415,602828,290.4446949958801
0.8,0.95,500000,3722.9076190476285,410,592426,278.5715022087097
0.8,0.95,500000,3718.2423809523884,415,613390,273.7309093475342
0.8,0.95,500000,3713.719523809525,420,588746,274.70143866539
0.8,0.95,500000,3750.152857142856,419,611824,285.19586086273193
0.8,0.95,500000,3700.856666666667,415,607222,284.0658462047577
0.9,0.95,500000,3706.9083333333438,425,607578,261.61072158813477
0.9,0.95,500000,3665.6392857142782,446,618086,264.7343866825104
0.9,0.95,500000,3674.4821428571436,425,617668,273.15334606170654
0.9,0.95,500000,3701.4045238095196,418,595108,277.29888367652893
1.0,0.95,500000,3579.1657142857125,534,706712,251.67114543914795
0.9,0.95,500000,3681.053809523811,433,614766,272.703893661499
0.9,0.95,500000,3662.4502380952404,425,613378,272.35170221328735
0.9,0.95,500000,3707.259047619049,420,596692,277.0719745159149
0.9,0.95,500000,3687.461666666666,421,613120,275.9404556751251
1.0,0.95,500000,3593.28666666666,525,730048,251.49339509010315
0.9,0.95,500000,3681.721666666662,430,633108,276.2255938053131
0.9,0.95,500000,3637.59619047618,441,633706,286.36462116241455
0.9,0.95,500000,3666.0969047618987,418,605586,273.6172225475311
0.9,0.95,500000,3712.4845238095186,417,590814,278.9534192085266
0.9,0.95,500000,3699.5533333333274,426,622862,276.47413539886475
0.9,0.95,500000,3665.958095238105,419,601102,274.33981108665466
0.9,0.95,500000,3625.615238095237,436,623900,270.8852596282959
0.9,0.95,500000,3664.85428571429,436,634566,271.0308287143707
0.9,0.95,500000,3704.171190476188,427,619248,277.27854442596436
0.9,0.95,500000,3701.5133333333347,427,635620,274.4002330303192
0.9,0.95,500000,3694.4890476190444,421,615252,283.3460249900818
0.9,0.95,500000,3699.0140476190504,435,640836,274.5274450778961
0.9,0.95,500000,3659.7785714285733,435,643756,281.636727809906
0.9,0.95,500000,3598.245476190477,439,615378,269.65286564826965
0.9,0.95,500000,3653.7271428571403,433,649702,276.5540533065796
0.9,0.95,500000,3689.109999999997,424,614100,275.09738945961
0.9,0.95,500000,3624.871428571421,426,620980,272.8545198440552
0.9,0.95,500000,3689.5371428571434,423,624218,274.0537796020508
0.9,0.95,500000,3630.854285714284,434,631204,275.9316897392273
0.9,0.95,500000,3706.196666666658,422,608162,281.37159633636475
1.0,0.95,500000,3614.943809523804,523,730212,262.73735332489014
1.0,0.95,500000,3616.2528571428543,543,717614,262.83896493911743
1.0,0.95,500000,3603.7997619047637,551,754524,269.158483505249
1.0,0.95,500000,3594.6399999999926,521,697706,271.85508728027344
1.0,0.95,500000,3615.506428571427,541,699506,269.94034218788147
1.0,0.95,500000,3618.7726190476187,534,714352,275.945378780365
1.0,0.95,500000,3612.0661904761937,539,734468,271.9362404346466
1.0,0.95,500000,3643.949999999996,522,711558,282.0037920475006
1.0,0.95,500000,3564.1826190476186,520,710672,275.130322933197
1.0,0.95,500000,3569.386666666661,531,680138,274.03479623794556
1.0,0.95,500000,3569.6104761904794,550,753346,277.43993282318115
1.0,0.95,500000,3611.0580952380897,581,738784,270.44638538360596
1.0,0.95,500000,3591.898571428573,551,720680,269.99868750572205
1.0,0.95,500000,3617.5807142857175,521,732048,272.0181932449341
1.0,0.95,500000,3574.9271428571424,552,722374,269.0984568595886
1.0,0.95,500000,3577.546428571422,555,769996,270.6407091617584
1.0,0.95,500000,3610.3199999999965,534,722126,273.2323169708252
1.0,0.95,500000,3581.1928571428543,541,720862,272.07432198524475
1.0,0.95,500000,3556.458095238092,517,672542,275.42726588249207
1.0,0.95,500000,3639.404999999995,542,744900,278.30669689178467
1.0,0.95,500000,3628.1666666666556,539,715248,273.7011070251465
1.0,0.95,500000,3619.0347619047598,525,722408,278.29726910591125
1.0,0.95,500000,3617.1399999999985,546,735674,271.4098150730133
1.0,0.95,500000,3598.944523809525,558,759320,277.6849706172943
1.0,0.95,500000,3584.303333333332,525,724192,276.2869505882263
1.0,0.95,500000,3617.3269047619015,496,702106,272.6186408996582
1.0,0.95,500000,3614.2857142857115,545,724504,277.0982837677002
1.0,0.95,500000,3633.8385714285687,527,748270,278.75019121170044
0.0,0.95,1000000,10014.004761904922,304,437234,1134.963466644287
0.0,0.95,1000000,10497.467857143014,311,445114,1166.051378250122
0.0,0.95,1000000,10553.991428571564,317,436262,1232.8282322883606
0.0,0.95,1000000,10256.540952381105,312,434208,1211.924650669098
0.0,0.95,1000000,10469.335000000117,306,442890,1236.0414636135101
0.0,0.95,1000000,10535.951666666846,313,440938,1256.9965987205505
0.0,0.95,1000000,10058.162142857294,298,424022,1221.203637123108
0.0,0.95,1000000,10471.489047619245,310,425578,1216.1043486595154
0.0,0.95,1000000,10159.874285714419,310,426128,1232.3903160095215
0.0,0.95,1000000,9994.01190476206,299,421436,1255.583075761795
0.0,0.95,1000000,10125.356666666838,306,429154,1280.693294286728
0.0,0.95,1000000,10020.198809523983,305,428678,1299.8454275131226
0.0,0.95,1000000,10142.008333333462,300,422518,1278.0852284431458
0.0,0.95,1000000,10357.478095238268,299,426552,1260.3188734054565
0.0,0.95,1000000,10292.24857142867,310,433808,1258.6798090934753
0.0,0.95,1000000,10271.354285714413,307,439804,1270.7937240600586
0.0,0.95,1000000,10190.278571428744,305,435848,1289.7418451309204
0.0,0.95,1000000,10376.449047619179,314,428326,1295.1759779453278
0.0,0.95,1000000,10613.281904762083,322,433322,1289.9361135959625
0.0,0.95,1000000,10281.215952381088,310,428186,1335.528345823288
0.0,0.95,1000000,10037.293571428725,305,422116,1353.4601254463196
0.0,0.95,1000000,10343.156190476328,309,431982,1330.8755688667297
0.0,0.95,1000000,10405.717142857287,311,437052,1320.6483008861542
0.0,0.95,1000000,10580.883333333495,311,429420,1348.0385632514954
0.0,0.95,1000000,10505.22714285728,314,443258,1338.1762697696686
0.0,0.95,1000000,10364.647142857266,307,435286,1319.9696485996246
0.0,0.95,1000000,10437.205000000145,315,441986,1294.0956859588623
0.0,0.95,1000000,9970.665952381134,302,422380,1375.2419373989105
0.0,0.95,1000000,10399.873095238227,311,435374,1377.0677576065063
0.0,0.95,1000000,10538.521190476391,323,450748,1434.8079767227173
0.1,0.95,1000000,7119.719523809541,284,415878,759.6087403297424
0.1,0.95,1000000,7543.230476190548,281,421704,794.5097789764404
0.1,0.95,1000000,7215.10190476198,287,423132,848.6009228229523
0.1,0.95,1000000,7826.522380952453,280,420112,842.8997421264648
0.1,0.95,1000000,7487.081190476229,281,419360,860.0879845619202
0.1,0.95,1000000,7184.190476190521,279,426162,838.9355931282043
0.1,0.95,1000000,7355.086666666718,293,434180,820.4444580078125
0.1,0.95,1000000,7369.310952381014,281,416464,881.9465448856354
0.1,0.95,1000000,7475.312857142931,285,411616,858.9307601451874
0.1,0.95,1000000,7201.436190476225,286,430528,845.4950125217438
0.1,0.95,1000000,7380.707142857165,281,421820,850.7585928440094
0.1,0.95,1000000,7391.884047619094,283,421350,865.6325950622559
0.1,0.95,1000000,7421.523809523829,284,434752,877.4318468570709
0.1,0.95,1000000,7350.356904761937,284,430236,857.5436263084412
0.1,0.95,1000000,7429.0073809524165,276,410404,904.1238799095154
0.1,0.95,1000000,7222.260476190508,278,415834,864.0312135219574
0.1,0.95,1000000,7693.112380952461,279,407252,929.5069508552551
0.1,0.95,1000000,7634.811428571445,286,438208,898.330647945404
0.1,0.95,1000000,7579.510238095272,284,424450,921.0943973064423
0.1,0.95,1000000,7465.799047619132,277,407504,874.8562657833099
0.1,0.95,1000000,7444.254047619113,279,425212,874.7241013050079
0.1,0.95,1000000,7425.807857142899,282,431416,872.9998354911804
0.1,0.95,1000000,7713.640238095298,286,422382,908.0449430942535
0.1,0.95,1000000,7247.725952380969,276,436250,858.6708068847656
0.2,0.95,1000000,5798.134523809529,290,449880,633.9518759250641
0.1,0.95,1000000,7645.923809523848,286,425960,931.2030622959137
0.1,0.95,1000000,7565.310714285794,277,413640,907.774199962616
0.1,0.95,1000000,7531.665000000048,287,439114,917.3683233261108
0.1,0.95,1000000,7641.5680952381335,284,415190,924.6172647476196
0.2,0.95,1000000,5767.549761904766,274,433228,654.2574472427368
0.1,0.95,1000000,7554.803809523866,286,422228,902.5627617835999
0.1,0.95,1000000,7513.873095238153,280,424254,913.6736516952515
0.2,0.95,1000000,5884.693571428601,284,420116,664.369428396225
0.2,0.95,1000000,5760.200714285728,276,413694,663.8628942966461
0.2,0.95,1000000,5773.39214285717,292,405146,706.3616151809692
0.2,0.95,1000000,5764.701666666687,289,430358,703.9788336753845
0.2,0.95,1000000,5881.1176190476235,271,408124,703.0489251613617
0.2,0.95,1000000,5661.483571428578,292,431870,692.8978579044342
0.3,0.95,1000000,4947.275952380946,294,441396,565.5121257305145
0.2,0.95,1000000,5598.210238095249,281,420958,704.878972530365
0.2,0.95,1000000,5954.983095238118,290,417600,718.8082559108734
0.2,0.95,1000000,5802.61309523811,273,401482,701.3206212520599
0.2,0.95,1000000,5658.755714285742,287,425504,686.9857766628265
0.2,0.95,1000000,5912.40880952382,285,420240,699.3754744529724
0.3,0.95,1000000,4866.057857142881,295,451048,568.9644916057587
0.2,0.95,1000000,5887.454285714302,278,420772,733.2902433872223
0.2,0.95,1000000,5779.774047619077,286,431626,691.108934879303
0.2,0.95,1000000,5894.122142857161,283,440122,703.7675750255585
0.2,0.95,1000000,5921.956190476205,280,413062,702.9394550323486
0.2,0.95,1000000,6034.199523809528,277,421796,737.1030321121216
0.2,0.95,1000000,5911.251190476204,284,430360,717.0132706165314
0.2,0.95,1000000,5870.006666666672,273,435566,696.4169120788574
0.2,0.95,1000000,5848.679523809543,286,416366,697.3216066360474
0.2,0.95,1000000,5856.662619047624,289,418544,716.4976019859314
0.2,0.95,1000000,5750.996904761911,287,438368,692.5284950733185
0.2,0.95,1000000,5742.012857142877,288,424834,705.6072239875793
0.2,0.95,1000000,5867.790952380952,290,433394,711.3265478610992
0.2,0.95,1000000,5847.108333333335,289,420956,693.0014269351959
0.2,0.95,1000000,5775.894761904759,279,417766,707.1741642951965
0.2,0.95,1000000,5791.746904761902,281,431994,710.4531388282776
0.2,0.95,1000000,5772.896666666667,275,420282,689.3869528770447
0.2,0.95,1000000,5703.4790476190565,290,431720,692.8979082107544
0.3,0.95,1000000,4786.004523809535,288,426640,579.7600374221802
0.3,0.95,1000000,4974.392619047624,291,413448,581.0670435428619
0.3,0.95,1000000,5004.137619047631,301,440686,621.2759909629822
0.4,0.95,1000000,4455.706666666671,311,467078,534.2910716533661
0.3,0.95,1000000,4980.835238095244,288,433940,631.4683768749237
0.3,0.95,1000000,4862.78976190478,296,420428,608.6816322803497
0.4,0.95,1000000,4364.33428571429,315,463432,533.566487789154
0.3,0.95,1000000,4929.764047619063,287,444254,624.3930768966675
0.3,0.95,1000000,4807.537857142855,301,438442,607.1702859401703
0.3,0.95,1000000,4947.7638095238235,303,440446,604.1179254055023
0.3,0.95,1000000,4818.336666666675,296,427604,625.6383001804352
0.3,0.95,1000000,4896.298809523823,281,423086,628.9523975849152
0.3,0.95,1000000,5003.899523809522,298,444492,628.974600315094
0.3,0.95,1000000,4827.863571428582,301,460236,622.1440279483795
0.3,0.95,1000000,5007.051190476193,300,441276,620.290078163147
0.3,0.95,1000000,5009.446428571436,294,427630,631.6722049713135
0.3,0.95,1000000,4927.276190476196,297,437666,639.3948771953583
0.3,0.95,1000000,5004.086428571436,298,433284,617.2001070976257
0.3,0.95,1000000,4908.083333333334,291,445824,611.7878811359406
0.3,0.95,1000000,4967.2719047619175,302,434740,626.7159395217896
0.3,0.95,1000000,4911.002380952396,296,430900,632.4634478092194
0.3,0.95,1000000,5035.070476190471,299,436012,618.6259536743164
0.3,0.95,1000000,4858.165714285726,296,433192,641.4979395866394
0.3,0.95,1000000,4998.517857142879,296,432144,626.3491108417511
0.3,0.95,1000000,4883.615714285717,299,427428,612.3979389667511
0.3,0.95,1000000,4985.897619047612,295,440474,620.0054438114166
0.3,0.95,1000000,5028.2504761904975,291,434982,650.0820310115814
0.3,0.95,1000000,4973.7271428571385,303,456688,624.3107161521912
0.3,0.95,1000000,4892.009285714293,296,430374,622.48859333992
0.3,0.95,1000000,4876.525238095255,290,429812,628.6450772285461
0.4,0.95,1000000,4520.968333333336,315,447718,549.1922051906586
0.4,0.95,1000000,4388.1909523809545,313,449658,567.067144870758
0.5,0.95,1000000,4189.5069047619145,329,499178,504.8149437904358
0.4,0.95,1000000,4484.377380952385,307,452932,566.9365355968475
0.5,0.95,1000000,4180.298571428597,337,493064,509.7289423942566
0.4,0.95,1000000,4519.995952380963,312,451290,571.2438547611237
0.4,0.95,1000000,4603.810000000006,306,443414,585.3157889842987
0.4,0.95,1000000,4359.993571428575,325,468446,570.4150590896606
0.4,0.95,1000000,4493.440238095253,316,450724,577.5499339103699
0.4,0.95,1000000,4364.5526190476285,314,448092,571.8695027828217
0.4,0.95,1000000,4481.599523809527,310,457208,596.1522796154022
0.4,0.95,1000000,4510.795238095244,318,464974,586.3804154396057
0.4,0.95,1000000,4440.546190476187,309,452608,567.4760298728943
0.4,0.95,1000000,4548.296904761904,304,431686,579.8703186511993
0.4,0.95,1000000,4552.37571428571,311,477758,585.3709428310394
0.4,0.95,1000000,4449.438809523822,313,455916,574.7937269210815
0.4,0.95,1000000,4401.7166666666635,309,467020,577.6199202537537
0.4,0.95,1000000,4505.994761904764,312,452186,571.1544415950775
0.4,0.95,1000000,4520.911904761905,309,455640,573.6315450668335
0.4,0.95,1000000,4476.287857142872,312,447884,572.3871471881866
0.4,0.95,1000000,4506.3704761904755,321,466818,593.534912109375
0.4,0.95,1000000,4467.393095238094,323,464644,575.5455746650696
0.4,0.95,1000000,4509.615476190479,309,467292,579.3439364433289
0.4,0.95,1000000,4534.373333333344,314,449880,582.796886920929
0.4,0.95,1000000,4529.515952380954,307,458268,575.5807738304138
0.4,0.95,1000000,4387.8335714285695,316,469180,570.7028217315674
0.4,0.95,1000000,4404.130714285733,311,449954,579.8118653297424
0.5,0.95,1000000,4135.190238095249,337,491242,523.2489652633667
0.4,0.95,1000000,4457.662380952377,324,478804,574.2550942897797
0.4,0.95,1000000,4435.794523809539,308,439792,571.0599610805511
0.5,0.95,1000000,4203.56261904764,323,491912,524.3679356575012
0.4,0.95,1000000,4453.33571428572,317,484044,578.0891585350037
0.6,0.95,1000000,4034.8421428571546,344,498312,495.04958033561707
0.6,0.95,1000000,3988.3338095238237,350,503872,481.5897014141083
0.5,0.95,1000000,4183.282380952384,320,463956,533.216424703598
0.5,0.95,1000000,4240.822619047634,318,465046,539.9478855133057
0.5,0.95,1000000,4181.347380952393,330,479274,541.0570051670074
0.5,0.95,1000000,4193.208571428589,327,479878,547.7022175788879
0.5,0.95,1000000,4189.452380952403,333,483986,539.9788775444031
0.5,0.95,1000000,4214.257857142863,328,480704,557.9431924819946
0.5,0.95,1000000,4182.292142857144,324,459576,544.479186296463
0.5,0.95,1000000,4173.9561904761895,320,473084,550.2745616436005
0.5,0.95,1000000,4256.192142857148,338,516190,536.7566013336182
0.5,0.95,1000000,4246.112619047617,334,485968,546.0312733650208
0.5,0.95,1000000,4197.396428571431,329,472420,539.1900990009308
0.5,0.95,1000000,4237.134047619054,328,501410,547.5815169811249
0.5,0.95,1000000,4246.47333333335,331,484602,558.8300311565399
0.5,0.95,1000000,4187.839761904777,336,500244,536.0504109859467
0.5,0.95,1000000,4191.665476190474,334,481058,543.5240061283112
0.5,0.95,1000000,4208.457380952396,346,479554,542.3406779766083
0.5,0.95,1000000,4152.373095238105,341,497998,547.6388945579529
0.5,0.95,1000000,4197.7752380952425,334,498482,556.7209823131561
0.5,0.95,1000000,4193.600714285718,324,487476,551.4551019668579
0.5,0.95,1000000,4218.025238095249,330,472420,546.4796690940857
0.5,0.95,1000000,4093.140714285722,322,482500,535.5730919837952
0.6,0.95,1000000,4018.5852380952483,343,480344,501.4027247428894
0.5,0.95,1000000,4181.192619047624,331,495582,537.5238380432129
0.5,0.95,1000000,4290.587142857157,321,474936,566.8121371269226
0.5,0.95,1000000,4194.026904761899,332,504006,552.0188889503479
0.5,0.95,1000000,4257.5100000000075,343,510416,552.3894448280334
0.6,0.95,1000000,4060.442380952388,342,507252,521.7813720703125
0.5,0.95,1000000,4191.253333333342,332,471082,540.3965992927551
0.7,0.95,1000000,3869.8545238095235,378,542202,471.4296989440918
0.7,0.95,1000000,3878.742619047617,369,529568,475.504940032959
0.6,0.95,1000000,4074.4519047619156,363,511800,520.4434316158295
0.6,0.95,1000000,3966.6050000000077,361,508682,519.8123614788055
0.6,0.95,1000000,4018.9630952381017,343,544464,528.6448450088501
0.6,0.95,1000000,3987.008095238098,351,522562,530.3173928260803
0.6,0.95,1000000,3995.4814285714288,341,502204,539.4810581207275
0.6,0.95,1000000,4015.218095238103,354,491048,525.3097853660583
0.6,0.95,1000000,4011.000238095242,340,503454,524.6054148674011
0.6,0.95,1000000,3942.069761904775,346,532028,519.2976791858673
0.6,0.95,1000000,3978.8721428571534,344,520650,537.0535895824432
0.6,0.95,1000000,4067.4857142857218,343,494920,532.1958928108215
0.6,0.95,1000000,4013.344285714293,357,541204,533.9873309135437
0.6,0.95,1000000,3972.5097619047774,351,501662,533.3070242404938
0.6,0.95,1000000,4000.799761904777,343,499170,530.1824250221252
0.6,0.95,1000000,3930.1714285714443,348,522382,539.5441541671753
0.6,0.95,1000000,4045.6023809523895,351,505682,525.540167093277
0.6,0.95,1000000,4027.792142857149,340,504706,520.874728679657
0.6,0.95,1000000,3938.947619047625,352,511006,515.3542511463165
0.6,0.95,1000000,4035.1783333333406,354,530984,528.9639573097229
0.7,0.95,1000000,3834.7326190476283,384,582718,494.72879934310913
0.6,0.95,1000000,4081.8002380952385,363,527194,524.4106297492981
0.6,0.95,1000000,4034.794523809541,350,508064,524.0789315700531
0.6,0.95,1000000,3991.9842857142994,343,492720,530.8614366054535
0.6,0.95,1000000,4013.205238095248,346,503968,523.1955308914185
0.7,0.95,1000000,3884.317857142862,361,541166,487.1953091621399
0.6,0.95,1000000,3952.037857142862,349,508798,528.0811274051666
0.8,0.95,1000000,3756.8940476190487,389,559834,461.09437704086304
0.6,0.95,1000000,4001.2383333333364,342,488348,520.996604681015
0.6,0.95,1000000,4006.2961904762,356,504674,527.2627367973328
0.6,0.95,1000000,3959.4645238095422,338,508430,528.7177400588989
0.8,0.95,1000000,3836.4885714285815,383,558598,464.6411530971527
0.7,0.95,1000000,3861.914285714299,365,543134,500.6471004486084
0.7,0.95,1000000,3909.5992857143015,371,562042,501.7952947616577
0.7,0.95,1000000,3883.254285714294,363,536116,518.9330279827118
0.7,0.95,1000000,3881.736190476197,367,537868,501.85621309280396
0.7,0.95,1000000,3915.6178571428663,370,557740,505.9837806224823
0.7,0.95,1000000,3872.4983333333366,350,521814,514.5353772640228
0.7,0.95,1000000,3865.2376190476316,374,548860,511.96770906448364
0.7,0.95,1000000,3864.0492857142913,366,543720,533.4300560951233
0.7,0.95,1000000,3916.4869047619154,353,523598,512.6972372531891
0.7,0.95,1000000,3896.912142857147,365,524680,510.73681235313416
0.7,0.95,1000000,3904.584285714299,362,525544,519.3622539043427
0.7,0.95,1000000,3815.7011904761885,358,522916,503.0251009464264
0.8,0.95,1000000,3757.642857142863,390,556286,488.4390277862549
0.7,0.95,1000000,3890.4747619047725,376,540166,519.141081571579
0.7,0.95,1000000,3824.817857142859,374,566298,512.8019664287567
0.7,0.95,1000000,3850.619285714277,384,551468,513.3488759994507
0.7,0.95,1000000,3825.8221428571624,372,540338,516.9702157974243
0.7,0.95,1000000,3896.0826190476178,369,529804,507.977557182312
0.7,0.95,1000000,3947.336666666674,361,518778,513.3227417469025
0.7,0.95,1000000,3871.33476190477,359,533958,515.8916263580322
0.7,0.95,1000000,3852.0754761904923,366,540022,528.1422295570374
0.9,0.95,1000000,3705.405476190475,398,575484,463.43758940696716
0.8,0.95,1000000,3811.350000000005,383,563530,491.80723881721497
0.7,0.95,1000000,3852.8866666666686,360,535904,534.4922587871552
0.7,0.95,1000000,3863.4335714285894,367,535496,519.2992346286774
0.7,0.95,1000000,3907.907142857143,361,542556,514.1858556270599
0.9,0.95,1000000,3671.015238095236,407,614996,449.63461089134216
0.7,0.95,1000000,3881.6571428571547,372,539714,512.5461804866791
0.7,0.95,1000000,3882.861666666669,356,519388,530.0845377445221
0.7,0.95,1000000,3831.1076190476283,378,575546,513.1002144813538
0.8,0.95,1000000,3778.2526190476187,392,586786,501.7342121601105
0.8,0.95,1000000,3824.3471428571565,388,564782,501.09438467025757
0.8,0.95,1000000,3839.004523809532,376,569376,507.009316444397
0.8,0.95,1000000,3874.0776190476317,381,559542,504.3692307472229
0.8,0.95,1000000,3708.9523809523816,391,584168,501.13948488235474
0.8,0.95,1000000,3806.296904761911,382,565254,503.95240330696106
0.8,0.95,1000000,3803.4216666666603,372,539442,506.32169342041016
0.9,0.95,1000000,3688.4661904761865,398,587550,471.6547975540161
0.8,0.95,1000000,3813.231666666676,385,552216,502.8764305114746
0.8,0.95,1000000,3781.425476190483,379,567152,492.054970741272
0.8,0.95,1000000,3804.1783333333387,371,547236,501.76157999038696
0.8,0.95,1000000,3798.87904761904,382,563582,498.53645038604736
1.0,0.95,1000000,3637.5233333333285,599,712250,452.73061966896057
0.8,0.95,1000000,3813.2197619047683,385,556704,501.39659309387207
0.8,0.95,1000000,3846.124285714296,370,556422,508.7328083515167
0.8,0.95,1000000,3790.2278571428706,382,574790,496.68510007858276
0.8,0.95,1000000,3844.2576190476075,368,545066,497.9042148590088
0.8,0.95,1000000,3770.9016666666735,386,579986,506.32602763175964
0.8,0.95,1000000,3727.3828571428594,380,571598,506.8736581802368
0.8,0.95,1000000,3780.0676190476233,385,579646,504.321496963501
0.8,0.95,1000000,3810.2123809523932,387,570196,497.43589210510254
0.9,0.95,1000000,3810.5114285714294,375,565358,477.64303612709045
1.0,0.95,1000000,3614.3428571428617,530,703902,444.49934458732605
0.8,0.95,1000000,3838.3547619047667,387,562784,517.6130533218384
0.8,0.95,1000000,3756.5557142857238,382,541762,509.30982065200806
0.8,0.95,1000000,3788.4019047619076,381,543030,507.57495164871216
0.8,0.95,1000000,3723.544761904768,386,573862,503.67667603492737
0.8,0.95,1000000,3798.8216666666726,382,565464,495.4705603122711
0.8,0.95,1000000,3825.8583333333386,397,568762,508.4371061325073
0.8,0.95,1000000,3806.057380952392,393,585826,497.9800684452057
0.9,0.95,1000000,3703.9100000000076,395,594536,489.627991437912
0.9,0.95,1000000,3725.6509523809614,392,561450,490.09653639793396
0.9,0.95,1000000,3712.6826190476236,407,595744,487.35122442245483
0.9,0.95,1000000,3791.4330952381024,392,573312,501.84323477745056
0.9,0.95,1000000,3696.32404761906,408,590670,493.5588104724884
0.9,0.95,1000000,3686.1230952380984,393,588538,491.1252725124359
0.9,0.95,1000000,3738.2842857142823,396,595660,499.1791133880615
1.0,0.95,1000000,3620.184285714287,536,697524,479.6718339920044
0.9,0.95,1000000,3733.7366666666676,388,573922,489.69335770606995
0.9,0.95,1000000,3715.944047619051,418,597816,495.06512570381165
0.9,0.95,1000000,3760.3030952381064,398,585402,501.34689688682556
0.9,0.95,1000000,3682.5911904761924,397,589760,493.6947441101074
1.0,0.95,1000000,3615.79642857143,584,693338,464.650324344635
0.9,0.95,1000000,3753.06285714286,388,575766,494.434818983078
0.9,0.95,1000000,3745.643333333333,393,570684,492.04346442222595
0.9,0.95,1000000,3697.035952380959,395,588148,490.40017223358154
0.9,0.95,1000000,3692.879285714287,389,549440,503.5389802455902
0.9,0.95,1000000,3743.16595238096,392,603490,495.4649829864502
0.9,0.95,1000000,3733.7357142857254,389,589686,487.97054719924927
0.9,0.95,1000000,3770.422142857148,399,579374,499.38725686073303
0.9,0.95,1000000,3749.3185714285783,387,561670,514.7231268882751
0.9,0.95,1000000,3745.3616666666708,391,581258,502.5555067062378
0.9,0.95,1000000,3752.951428571445,393,574540,504.6366767883301
0.9,0.95,1000000,3757.798809523826,391,581216,495.7188696861267
0.9,0.95,1000000,3729.7433333333374,395,567104,495.6523458957672
0.9,0.95,1000000,3693.7330952381003,401,596310,492.54324674606323
0.9,0.95,1000000,3693.9097619047693,414,638316,498.3735930919647
0.9,0.95,1000000,3713.1971428571505,400,575698,504.830340385437
1.0,0.95,1000000,3582.739047619045,525,733928,477.429185628891
1.0,0.95,1000000,3623.766666666669,612,725208,487.8430988788605
1.0,0.95,1000000,3626.726666666663,597,725094,490.65039134025574
1.0,0.95,1000000,3611.8319047619057,515,695460,487.36879301071167
1.0,0.95,1000000,3630.476904761904,539,699414,483.20692324638367
1.0,0.95,1000000,3565.4188095237996,637,716024,485.8054099082947
1.0,0.95,1000000,3573.4795238095207,567,701294,486.21095609664917
1.0,0.95,1000000,3591.5278571428594,532,729934,487.0257158279419
1.0,0.95,1000000,3604.4999999999986,527,705548,485.1220762729645
1.0,0.95,1000000,3631.1071428571313,640,778842,504.5600354671478
1.0,0.95,1000000,3606.5561904761903,557,751530,485.7342131137848
1.0,0.95,1000000,3658.0271428571455,608,687864,489.67941880226135
1.0,0.95,1000000,3600.0735714285684,529,711120,484.2731750011444
1.0,0.95,1000000,3638.0695238095223,524,689282,485.8855690956116
1.0,0.95,1000000,3629.6642857142833,607,751520,489.87778210639954
1.0,0.95,1000000,3591.320476190474,515,705248,489.6842851638794
1.0,0.95,1000000,3610.310238095238,512,697118,495.6084289550781
1.0,0.95,1000000,3633.475238095239,505,707486,498.8972792625427
1.0,0.95,1000000,3607.7157142857113,649,710108,486.4292414188385
1.0,0.95,1000000,3637.923809523805,588,773246,492.22974491119385
1.0,0.95,1000000,3620.995952380948,687,746596,490.74009943008423
1.0,0.95,1000000,3627.805714285706,569,720650,489.73943305015564
1.0,0.95,1000000,3632.5195238095225,607,759566,496.51765298843384
1.0,0.95,1000000,3647.999761904751,523,717476,500.47796297073364
1.0,0.95,1000000,3601.58999999999,623,734298,495.62831473350525
1.0,0.95,1000000,3564.4078571428518,522,690756,490.39353036880493
0.0,0.95,3000000,10542.414761904933,278,406176,4014.549751520157
0.0,0.95,3000000,10476.306190476345,271,412432,4055.911384344101
0.0,0.95,3000000,10518.803571428736,278,421658,4262.305375337601
0.0,0.95,3000000,10468.676190476384,276,406184,4443.694769382477
0.0,0.95,3000000,10063.555714285907,273,400030,4328.231898784637
0.0,0.95,3000000,10379.277619047763,272,413702,4221.669075727463
0.0,0.95,3000000,10372.61833333346,277,405186,4395.301563739777
0.0,0.95,3000000,10556.684285714462,277,407702,4641.546831846237
0.0,0.95,3000000,10429.90785714297,279,410964,4605.952730894089
0.0,0.95,3000000,10353.967619047757,264,410822,4515.2334179878235
0.0,0.95,3000000,10369.49761904778,258,400710,4512.365207910538
0.0,0.95,3000000,10633.115476190625,285,419506,4650.055022954941
0.0,0.95,3000000,10602.725000000144,281,424214,4582.9699330329895
0.0,0.95,3000000,10551.423095238282,270,407092,4537.955903768539
0.0,0.95,3000000,10411.529761904909,277,408044,4617.161100149155
0.0,0.95,3000000,10802.715476190642,277,424554,4821.752985715866
0.0,0.95,3000000,10763.21166666684,279,427054,4728.455271959305
0.0,0.95,3000000,10797.27500000014,276,426694,4667.883588314056
0.0,0.95,3000000,10267.417619047761,283,408132,4696.778353214264
0.0,0.95,3000000,10558.838809524024,271,420100,4624.759580850601
0.0,0.95,3000000,10563.34285714306,281,410594,4719.707751750946
0.0,0.95,3000000,10669.366428571604,274,413696,4965.537256002426
0.0,0.95,3000000,10673.728333333527,284,420736,4719.649751186371
0.0,0.95,3000000,10634.949047619195,276,413454,4778.468343734741
0.0,0.95,3000000,10617.671904762037,274,422634,4880.248713254929
0.0,0.95,3000000,10639.562857143004,281,414424,4894.70543718338
0.0,0.95,3000000,10622.033809523968,273,419666,4998.598359584808
0.0,0.95,3000000,10265.665952381081,273,402770,5042.529913902283
0.0,0.95,3000000,10513.150238095397,267,419596,5214.25431227684
0.0,0.95,3000000,10298.60619047636,273,397422,5344.785811185837
0.1,0.95,3000000,8412.28738095246,254,391512,2746.7516992092133
0.1,0.95,3000000,8280.803095238165,252,395168,2910.7149636745453
0.1,0.95,3000000,8119.755952380958,252,391940,2744.8840811252594
0.1,0.95,3000000,7995.782619047685,252,391108,2757.1154749393463
0.1,0.95,3000000,8549.655238095314,259,391172,3046.523992061615
0.1,0.95,3000000,8054.713095238122,255,417146,2956.1152975559235
0.1,0.95,3000000,8444.110714285807,262,424136,3040.0575573444366
0.1,0.95,3000000,8001.3323809524345,249,389626,2931.6319704055786
0.1,0.95,3000000,8229.483095238145,243,396136,2896.343930006027
0.1,0.95,3000000,8340.980952381027,259,396210,3069.255718946457
0.1,0.95,3000000,7859.762857142928,248,386030,2890.4704966545105
0.1,0.95,3000000,8174.779285714281,262,402102,3117.0191221237183
0.1,0.95,3000000,8453.646428571514,258,409278,3065.3495078086853
0.1,0.95,3000000,8332.935952380984,264,408472,3143.1888020038605
0.1,0.95,3000000,7949.363333333395,251,403564,3115.4373795986176
0.1,0.95,3000000,8071.4476190476535,249,384566,3029.873976945877
0.1,0.95,3000000,8150.024523809576,249,386656,3080.9614946842194
0.1,0.95,3000000,8251.309761904802,256,393962,3117.1345007419586
0.1,0.95,3000000,8611.605476190542,257,397236,3236.3095819950104
0.1,0.95,3000000,8218.232142857169,262,406670,3250.2232513427734
0.1,0.95,3000000,8147.820952381005,259,393096,2986.7993388175964
0.1,0.95,3000000,7873.292857142901,258,393390,2895.238456964493
0.2,0.95,3000000,6049.335952380961,252,396636,1972.336502790451
0.1,0.95,3000000,8192.77476190482,254,393136,3196.4466795921326
0.1,0.95,3000000,8419.928333333412,252,385592,2983.5923352241516
0.2,0.95,3000000,6300.471428571448,244,395458,2093.6184208393097
0.1,0.95,3000000,8286.139523809597,251,379054,3125.107152700424
0.1,0.95,3000000,8245.514523809556,253,400304,3085.6353034973145
0.1,0.95,3000000,8599.908095238168,258,396932,3278.6424577236176
0.1,0.95,3000000,7893.664761904807,252,390894,2940.591650247574
0.1,0.95,3000000,8492.970000000052,247,391200,3129.698650598526
0.1,0.95,3000000,8082.991190476235,246,398962,2954.997225046158
0.2,0.95,3000000,6042.640238095269,250,400380,2040.026720046997
0.2,0.95,3000000,6210.235000000025,243,401390,2069.910142660141
0.2,0.95,3000000,6097.31952380954,250,413996,2086.4423456192017
0.2,0.95,3000000,6166.37214285715,250,401666,2230.3973331451416
0.3,0.95,3000000,5124.843809523811,256,420712,1690.3744003772736
0.2,0.95,3000000,6031.128095238089,259,422182,2211.086575269699
0.2,0.95,3000000,6169.391904761935,256,412586,2231.029845237732
0.3,0.95,3000000,5242.10047619049,261,405526,1709.1462020874023
0.2,0.95,3000000,6117.084285714303,249,402740,2249.835503101349
0.2,0.95,3000000,6210.340714285716,252,394608,2201.999517917633
0.2,0.95,3000000,6326.986666666685,252,403858,2238.3682901859283
0.2,0.95,3000000,6365.490952380964,257,386244,2229.78470993042
0.2,0.95,3000000,6242.732142857176,256,398222,2256.6108627319336
0.2,0.95,3000000,6019.277857142878,256,409212,2263.739402294159
0.2,0.95,3000000,6165.4102380952545,250,423328,2180.6565487384796
0.2,0.95,3000000,6217.465476190488,252,420876,2263.9762506484985
0.2,0.95,3000000,6116.244047619041,254,400136,2206.579694747925
0.2,0.95,3000000,6181.727380952408,245,406418,2215.6114909648895
0.2,0.95,3000000,6422.821666666683,255,411850,2304.647658109665
0.2,0.95,3000000,6352.376666666686,251,400414,2379.6283814907074
0.2,0.95,3000000,6283.241190476214,260,415228,2282.371166944504
0.2,0.95,3000000,6322.779523809554,253,408848,2243.9948012828827
0.2,0.95,3000000,6127.424285714298,255,398164,2254.151755809784
0.2,0.95,3000000,6219.309523809542,247,400522,2250.4002499580383
0.2,0.95,3000000,6224.236666666674,254,406320,2234.6407334804535
0.2,0.95,3000000,6255.847380952393,254,416718,2213.6211688518524
0.3,0.95,3000000,5229.9785714285845,269,422670,1764.2296385765076
0.2,0.95,3000000,6250.527142857156,242,409312,2269.978091239929
0.3,0.95,3000000,5247.110714285726,255,416026,1848.6212623119354
0.2,0.95,3000000,6338.560952380959,253,397868,2390.559680700302
0.2,0.95,3000000,6270.845238095256,251,426072,2314.0351750850677
0.2,0.95,3000000,6328.25952380954,252,393764,2436.339416027069
0.3,0.95,3000000,5132.221904761925,260,410008,1803.8568012714386
0.4,0.95,3000000,4594.64071428572,264,413928,1546.6393613815308
0.4,0.95,3000000,4676.468571428582,271,407672,1549.239891052246
0.3,0.95,3000000,5147.989047619052,257,414606,1821.5582373142242
0.3,0.95,3000000,5251.433333333346,261,433954,1877.2644529342651
0.3,0.95,3000000,5050.317619047598,250,422532,1840.1180491447449
0.3,0.95,3000000,5275.733333333342,255,414922,1883.9844365119934
0.3,0.95,3000000,5124.940952380962,257,406110,1888.5301039218903
0.3,0.95,3000000,5298.388571428576,251,408488,2099.7343282699585
0.3,0.95,3000000,5131.539047619061,269,409102,1860.841578245163
0.3,0.95,3000000,5328.679761904774,262,403752,1910.697170972824
0.3,0.95,3000000,5353.420476190484,269,421756,1900.7709238529205
0.3,0.95,3000000,5253.712857142873,257,422172,1913.0785398483276
0.3,0.95,3000000,5186.031428571422,250,418806,1939.7699754238129
0.4,0.95,3000000,4661.001666666675,288,426386,1618.75825381279
0.3,0.95,3000000,5426.399047619072,265,398460,1861.6218829154968
0.3,0.95,3000000,5205.991190476201,258,410712,2021.3732812404633
0.3,0.95,3000000,5253.477380952412,259,418100,1902.6848847866058
0.3,0.95,3000000,5083.514999999997,262,438418,1991.3635222911835
0.3,0.95,3000000,5174.041428571427,259,411068,1864.235160112381
0.3,0.95,3000000,5125.157619047628,255,408638,1852.870007276535
0.3,0.95,3000000,5193.9088095238085,260,414368,1884.1561663150787
0.3,0.95,3000000,5155.477857142878,260,410316,1868.8284120559692
0.3,0.95,3000000,5169.770000000018,265,426544,1941.761102437973
0.4,0.95,3000000,4584.868809523826,275,436186,1596.3904049396515
0.3,0.95,3000000,5354.596904761929,258,412440,1910.0636823177338
0.3,0.95,3000000,5245.60452380953,247,404532,1864.1809957027435
0.3,0.95,3000000,5113.548095238094,249,403218,1906.035747051239
0.5,0.95,3000000,4375.794761904768,287,449282,1424.2551591396332
0.4,0.95,3000000,4653.223571428585,283,439424,1609.539864063263
0.3,0.95,3000000,5281.14785714287,259,420624,2018.9804844856262
0.5,0.95,3000000,4316.313571428578,286,467126,1459.7111601829529
0.3,0.95,3000000,5201.3528571428715,262,400224,1945.4023575782776
0.4,0.95,3000000,4587.851666666682,273,430362,1686.6329696178436
0.4,0.95,3000000,4698.711190476222,272,419366,1706.2511899471283
0.4,0.95,3000000,4705.052857142874,283,432314,1699.0315518379211
0.4,0.95,3000000,4648.135952380964,275,413250,1684.9162554740906
0.4,0.95,3000000,4603.051904761906,271,424416,1648.63596534729
0.4,0.95,3000000,4674.757380952383,275,436100,1676.5143644809723
0.5,0.95,3000000,4339.436190476212,288,436348,1522.6180710792542
0.4,0.95,3000000,4731.381666666673,268,418604,1748.303757429123
0.4,0.95,3000000,4611.199523809539,286,461438,1693.8531239032745
0.4,0.95,3000000,4653.113333333346,271,417170,1692.3514618873596
0.4,0.95,3000000,4677.555238095243,277,438410,1731.9721541404724
0.4,0.95,3000000,4602.98214285715,271,416914,1680.7268416881561
0.4,0.95,3000000,4665.631190476188,278,410516,1678.9538838863373
0.4,0.95,3000000,4750.450000000006,263,405546,1692.1764204502106
0.4,0.95,3000000,4552.220238095249,266,418016,1686.4670791625977
0.5,0.95,3000000,4267.052857142864,292,428868,1489.911007642746
0.4,0.95,3000000,4521.660000000008,282,412626,1655.393882036209
0.4,0.95,3000000,4693.992619047623,270,444106,1675.478265285492
0.4,0.95,3000000,4556.487142857154,269,424220,1692.9096496105194
0.4,0.95,3000000,4657.208809523825,272,411174,1711.1243307590485
0.4,0.95,3000000,4658.408571428586,270,433298,1707.8264422416687
0.4,0.95,3000000,4645.010476190485,264,420488,1755.9795961380005
0.4,0.95,3000000,4644.631190476196,274,425538,1635.4335157871246
0.4,0.95,3000000,4604.425000000015,267,402030,1745.6579151153564
0.6,0.95,3000000,4148.41309523811,307,466204,1442.4979228973389
0.6,0.95,3000000,4120.765714285728,302,473288,1379.0802323818207
0.5,0.95,3000000,4399.4347619047685,290,454662,1532.1193070411682
0.4,0.95,3000000,4617.179523809532,280,438342,1708.6421086788177
0.4,0.95,3000000,4559.638333333337,280,439246,1667.8415768146515
0.4,0.95,3000000,4651.128333333318,268,400416,1722.2836003303528
0.5,0.95,3000000,4311.360714285722,292,454168,1601.930748462677
0.5,0.95,3000000,4299.643809523816,289,442676,1568.6630079746246
0.5,0.95,3000000,4354.725952380961,299,457624,1556.495236158371
0.6,0.95,3000000,4072.5654761904866,307,482000,1433.4261298179626
0.5,0.95,3000000,4313.349285714292,295,435094,1567.700518131256
0.5,0.95,3000000,4247.047142857149,295,439772,1575.5351176261902
0.5,0.95,3000000,4353.446190476197,295,456928,1569.8215503692627
0.6,0.95,3000000,4020.535714285715,318,481906,1400.7314670085907
0.5,0.95,3000000,4366.109047619053,281,455694,1565.7007913589478
0.5,0.95,3000000,4348.906666666676,293,444378,1573.4892132282257
0.5,0.95,3000000,4303.422857142859,289,451496,1621.691477060318
0.5,0.95,3000000,4316.321904761908,293,450394,1555.9573736190796
0.5,0.95,3000000,4315.9888095238175,291,468582,1594.9452998638153
0.5,0.95,3000000,4392.05357142859,284,431560,1606.6914665699005
0.5,0.95,3000000,4337.533809523827,284,427038,1573.4825234413147
0.5,0.95,3000000,4282.816904761911,290,451748,1592.2590553760529
0.5,0.95,3000000,4253.80809523811,293,454332,1553.1863005161285
0.5,0.95,3000000,4400.700000000009,288,446052,1600.0264196395874
0.5,0.95,3000000,4401.436904761906,282,431866,1632.0071461200714
0.5,0.95,3000000,4402.670476190489,292,436644,1585.4644491672516
0.7,0.95,3000000,3963.3252380952435,315,480458,1326.7835049629211
0.7,0.95,3000000,3992.8014285714266,313,468874,1384.2643539905548
0.5,0.95,3000000,4282.309761904767,283,436202,1604.7990653514862
0.5,0.95,3000000,4249.777619047629,299,460344,1607.7248389720917
0.5,0.95,3000000,4236.032142857167,289,428424,1608.3874862194061
0.5,0.95,3000000,4291.049285714299,291,463974,1563.5884244441986
0.6,0.95,3000000,4099.497142857143,307,482330,1428.9245483875275
0.5,0.95,3000000,4300.3395238095245,291,434434,1583.5818421840668
0.5,0.95,3000000,4322.773095238108,291,457368,1559.7374486923218
0.5,0.95,3000000,4209.1004761904815,291,478084,1564.575694322586
0.6,0.95,3000000,4088.681428571429,306,450966,1485.7922413349152
0.7,0.95,3000000,3954.939761904771,311,486396,1403.1262214183807
0.6,0.95,3000000,4196.534523809535,309,465632,1523.6695964336395
0.6,0.95,3000000,4149.2359523809655,290,453118,1523.5863964557648
0.6,0.95,3000000,4028.3304761904706,315,491264,1466.4405093193054
0.6,0.95,3000000,4170.300476190481,295,447502,1504.003876209259
0.6,0.95,3000000,4118.5707142857245,306,467136,1522.8629076480865
0.7,0.95,3000000,4021.7169047619113,322,481870,1431.6877901554108
0.6,0.95,3000000,4071.04928571429,304,473674,1475.946499824524
0.6,0.95,3000000,4159.064761904754,299,476016,1499.4180235862732
0.6,0.95,3000000,4055.328095238099,297,472770,1513.211233139038
0.6,0.95,3000000,4150.974047619056,303,461680,1514.5772285461426
0.6,0.95,3000000,4186.121904761908,300,468810,1515.2454109191895
0.8,0.95,3000000,3872.607857142866,340,507328,1333.3281972408295
0.6,0.95,3000000,4101.989285714298,309,474984,1489.1676824092865
0.8,0.95,3000000,3929.302380952394,332,490986,1338.0546452999115
0.6,0.95,3000000,4048.7107142857108,307,481988,1498.387769460678
0.6,0.95,3000000,4119.302619047614,305,474058,1536.7056052684784
0.6,0.95,3000000,4119.197619047626,300,448664,1495.7769017219543
0.6,0.95,3000000,4115.067380952394,300,472638,1550.1086237430573
0.6,0.95,3000000,4012.0342857143064,308,488664,1477.4150495529175
0.6,0.95,3000000,4117.595476190477,304,461028,1508.990240573883
0.6,0.95,3000000,4140.966428571437,295,456112,1532.8502161502838
0.6,0.95,3000000,4072.643571428583,302,473184,1495.1520607471466
0.7,0.95,3000000,4038.465714285726,321,486614,1454.664561510086
0.6,0.95,3000000,4097.947380952387,310,465718,1501.8628985881805
0.6,0.95,3000000,4120.96833333334,307,488474,1537.8719108104706
0.6,0.95,3000000,4121.3766666666825,306,465344,1524.7040424346924
0.6,0.95,3000000,4125.05761904762,307,467738,1527.110158920288
0.7,0.95,3000000,4009.992380952402,320,492216,1427.2478122711182
0.6,0.95,3000000,4139.932857142859,299,460472,1507.281184911728
0.8,0.95,3000000,3866.205952380966,338,530994,1347.4019286632538
0.7,0.95,3000000,3962.127619047628,324,492644,1447.1815450191498
0.7,0.95,3000000,3969.1819047619074,322,481530,1430.2241597175598
0.8,0.95,3000000,3866.089761904761,330,511678,1374.3958764076233
0.7,0.95,3000000,3872.2019047619156,325,507072,1461.5313107967377
0.7,0.95,3000000,3964.742142857145,322,479782,1443.1705014705658
0.7,0.95,3000000,3942.022380952382,323,470120,1490.5416221618652
0.9,0.95,3000000,3785.989523809526,354,544510,1275.8411512374878
0.7,0.95,3000000,3962.155476190475,326,499122,1447.17387008667
0.7,0.95,3000000,3963.1864285714323,323,505146,1446.635975599289
0.9,0.95,3000000,3798.389285714292,362,538042,1304.717414855957
0.7,0.95,3000000,4003.951904761917,319,472480,1455.5524497032166
0.7,0.95,3000000,4036.4428571428616,339,508012,1437.44335603714
0.7,0.95,3000000,3943.1392857142873,323,509150,1470.4145390987396
0.7,0.95,3000000,4012.1490476190543,326,486688,1449.489788532257
0.7,0.95,3000000,4027.077619047624,319,468970,1473.2433428764343
0.7,0.95,3000000,3905.726904761917,313,493414,1458.861534833908
0.7,0.95,3000000,3963.9507142857274,323,487866,1441.9826095104218
0.7,0.95,3000000,3982.4145238095407,323,480296,1449.3173127174377
0.7,0.95,3000000,3954.998333333331,326,511822,1435.9389941692352
0.7,0.95,3000000,3948.075476190479,317,479462,1450.014725446701
0.8,0.95,3000000,3869.307142857146,340,520128,1408.5426723957062
0.7,0.95,3000000,3997.97404761906,315,482740,1491.238941192627
0.7,0.95,3000000,4028.3245238095456,315,480620,1492.6607666015625
0.7,0.95,3000000,4063.235238095239,332,511308,1480.9668543338776
0.7,0.95,3000000,3959.450952380959,324,485712,1479.5262897014618
0.7,0.95,3000000,3997.1457142857175,318,491604,1445.6977334022522
0.8,0.95,3000000,3848.068571428579,341,512680,1399.7454648017883
0.7,0.95,3000000,3907.5566666666737,330,488410,1461.3656876087189
0.7,0.95,3000000,4015.8723809523935,320,477098,1434.8916375637054
0.9,0.95,3000000,3801.7728571428634,359,541460,1335.2119498252869
0.9,0.95,3000000,3807.048095238097,354,559288,1301.7239305973053
0.8,0.95,3000000,3855.3428571428717,345,517642,1445.5058879852295
0.8,0.95,3000000,3929.7307142857144,322,479386,1417.50519490242
1.0,0.95,3000000,3620.6571428571388,518,734024,1294.5008821487427
0.8,0.95,3000000,3856.7607142857146,341,519262,1401.3677620887756
1.0,0.95,3000000,3596.486666666663,644,755496,1257.1116435527802
0.8,0.95,3000000,3881.766666666672,336,510514,1418.91006731987
0.8,0.95,3000000,3822.6521428571473,336,516070,1414.0348484516144
0.8,0.95,3000000,3829.743809523807,339,516146,1408.9249386787415
0.8,0.95,3000000,3908.018095238104,338,490850,1445.2901484966278
0.8,0.95,3000000,3847.147857142861,333,515178,1407.1538245677948
0.8,0.95,3000000,3841.8042857142864,337,501166,1406.7608714103699
0.8,0.95,3000000,3848.050952380956,340,513948,1410.056393146515
0.8,0.95,3000000,3890.735952380949,345,518204,1414.1548862457275
0.8,0.95,3000000,3916.0940476190435,340,521104,1419.5706980228424
0.8,0.95,3000000,3889.9742857142924,332,499800,1444.7680616378784
0.8,0.95,3000000,3889.927619047627,334,502668,1425.3573234081268
0.8,0.95,3000000,3918.5107142857173,332,487134,1430.6657609939575
0.8,0.95,3000000,3871.812857142864,333,510810,1418.8946130275726
0.8,0.95,3000000,3886.6573809523857,337,495540,1420.6095321178436
0.9,0.95,3000000,3750.4773809523786,359,535970,1410.8821663856506
0.8,0.95,3000000,3897.6757142857227,333,517684,1440.3818247318268
0.8,0.95,3000000,3875.2404761904713,344,520030,1449.3838880062103
0.8,0.95,3000000,3898.3621428571532,335,508134,1409.9545047283173
0.8,0.95,3000000,3813.4538095238186,351,542244,1434.397821187973
0.8,0.95,3000000,3915.8307142857193,326,497940,1454.2268269062042
0.9,0.95,3000000,3778.5504761904804,339,512814,1416.814756155014
1.0,0.95,3000000,3573.429761904755,645,728660,1307.7829830646515
0.8,0.95,3000000,3895.2483333333344,332,486370,1420.4689922332764
0.8,0.95,3000000,3882.7071428571417,339,510866,1403.7286968231201
1.0,0.95,3000000,3626.830952380949,550,743908,1313.0553903579712
0.9,0.95,3000000,3765.8264285714345,345,542398,1380.9284143447876
0.9,0.95,3000000,3849.0833333333326,347,515876,1409.6141109466553
0.9,0.95,3000000,3801.9666666666744,354,537212,1353.530170917511
0.9,0.95,3000000,3788.645714285713,350,521612,1391.1422250270844
0.9,0.95,3000000,3774.5442857142825,358,533288,1399.4983282089233
0.9,0.95,3000000,3730.250238095245,351,545740,1390.6755151748657
0.9,0.95,3000000,3741.1397619047602,357,529168,1389.5297701358795
0.9,0.95,3000000,3797.8661904761975,353,523576,1412.710574388504
0.9,0.95,3000000,3816.0550000000053,354,545978,1412.012609243393
0.9,0.95,3000000,3784.6078571428625,352,535542,1397.5450372695923
0.9,0.95,3000000,3812.8661904761966,350,550728,1396.503615140915
0.9,0.95,3000000,3835.4761904761917,363,548344,1396.5124287605286
0.9,0.95,3000000,3807.7807142857237,353,534048,1409.169687986374
0.9,0.95,3000000,3773.773571428577,346,519046,1381.5275285243988
0.9,0.95,3000000,3834.4635714285796,351,526496,1412.0525846481323
0.9,0.95,3000000,3847.9883333333446,352,547216,1393.794732093811
0.9,0.95,3000000,3807.455000000008,345,533948,1401.973616361618
1.0,0.95,3000000,3620.0523809523806,725,772544,1318.1730971336365
0.9,0.95,3000000,3819.0854761904725,355,541740,1380.0833780765533
0.9,0.95,3000000,3864.5711904761956,339,537448,1424.010673046112
0.9,0.95,3000000,3815.490714285711,347,543728,1401.6155302524567
0.9,0.95,3000000,3772.175952380962,367,554980,1397.773043870926
1.0,0.95,3000000,3637.6040476190483,791,755638,1318.5418450832367
0.9,0.95,3000000,3782.9264285714335,354,529808,1402.3037402629852
0.9,0.95,3000000,3786.5316666666777,355,532888,1380.16113114357
0.9,0.95,3000000,3779.889285714286,364,544328,1403.4363207817078
1.0,0.95,3000000,3619.1259523809517,776,779526,1359.2287096977234
1.0,0.95,3000000,3631.617619047619,808,740688,1346.9756894111633
1.0,0.95,3000000,3620.3647619047565,513,709234,1352.524988412857
1.0,0.95,3000000,3631.8804761904653,591,739240,1328.535151720047
1.0,0.95,3000000,3625.4390476190483,516,693590,1338.0010201931
1.0,0.95,3000000,3625.7873809523785,550,725252,1360.7145330905914
1.0,0.95,3000000,3589.2195238095246,574,749024,1356.666170835495
1.0,0.95,3000000,3622.3326190476164,560,788254,1389.2142252922058
1.0,0.95,3000000,3627.3566666666543,532,745946,1373.6597435474396
1.0,0.95,3000000,3609.964285714283,768,769456,1377.972831249237
1.0,0.95,3000000,3609.254999999997,755,754066,1362.8937771320343
1.0,0.95,3000000,3654.158333333328,544,745066,1349.8863673210144
1.0,0.95,3000000,3673.436904761911,536,744912,1388.5256288051605
1.0,0.95,3000000,3614.7995238095223,527,755944,1345.5503346920013
1.0,0.95,3000000,3597.9695238095246,669,738262,1363.3888323307037
1.0,0.95,3000000,3607.1759523809465,567,729468,1380.4478278160095
1.0,0.95,3000000,3634.5600000000004,493,712736,1363.6427183151245
1.0,0.95,3000000,3634.561904761907,647,766240,1355.9026584625244
1.0,0.95,3000000,3614.0207142857084,528,747484,1374.6828677654266
1.0,0.95,3000000,3630.5071428571428,767,749684,1352.747370481491
1.0,0.95,3000000,3592.539761904758,749,740724,1369.6451411247253
1.0,0.95,3000000,3632.3266666666736,580,704200,1373.2354319095612
1.0,0.95,3000000,3580.4478571428494,580,737834,1368.6813967227936
1.0,0.95,3000000,3651.4690476190444,687,713108,1397.3885140419006
0.0,0.95,5000000,10457.229523809707,253,400482,6907.911828756332
0.0,0.95,5000000,10334.498571428763,252,402790,7033.3030252456665
0.0,0.95,5000000,10691.129047619204,256,409036,7620.902252197266
0.0,0.95,5000000,10574.666190476339,258,422484,7768.065453529358
0.0,0.95,5000000,10402.822142857298,259,401694,8293.97843837738
0.0,0.95,5000000,10593.870238095407,251,408774,7414.441340684891
0.0,0.95,5000000,10692.401904762073,259,411650,8019.020725250244
0.0,0.95,5000000,10477.42000000015,265,402962,8451.594872713089
0.0,0.95,5000000,10469.558333333496,266,427822,8059.5203495025635
0.0,0.95,5000000,10695.280238095442,254,411340,7974.433660507202
0.0,0.95,5000000,10564.158571428743,272,413182,7888.2026245594025
0.0,0.95,5000000,10460.04619047631,255,400972,8249.081600189209
0.0,0.95,5000000,10475.408095238274,260,397370,8238.632934331894
0.0,0.95,5000000,10452.284761904952,265,415332,8316.236065387726
0.0,0.95,5000000,10600.42619047635,263,404366,8260.677007198334
0.0,0.95,5000000,10670.43619047634,261,419542,8251.156736135483
0.0,0.95,5000000,10636.232619047802,247,397004,7658.647559642792
0.0,0.95,5000000,10836.684761904931,251,404142,8352.562067508698
0.0,0.95,5000000,10542.983095238258,260,411250,8328.50969862938
0.0,0.95,5000000,10500.579523809693,258,403058,8868.433433771133
0.0,0.95,5000000,10495.942380952518,261,415666,8688.594109535217
0.0,0.95,5000000,10344.864285714431,250,400432,8523.42615032196
0.0,0.95,5000000,10635.193809523968,255,408496,8272.51076889038
0.0,0.95,5000000,10426.685238095415,263,411462,8377.265352725983
0.0,0.95,5000000,10606.358333333534,259,422342,8343.574169874191
0.0,0.95,5000000,10253.348333333499,256,400928,8049.314455747604
0.1,0.95,5000000,8372.070714285783,248,404208,5002.60933804512
0.0,0.95,5000000,10664.414047619215,270,405294,8831.277063131332
0.1,0.95,5000000,8554.429761904805,240,377114,5140.100417375565
0.0,0.95,5000000,10396.000238095392,256,416868,8956.046177148819
0.0,0.95,5000000,10722.269523809688,255,423796,9261.23792552948
0.0,0.95,5000000,10570.110952381117,244,404772,8859.973883390427
0.1,0.95,5000000,8302.663333333421,240,391672,5524.039275884628
0.1,0.95,5000000,8685.283809523864,238,383354,5305.064390659332
0.2,0.95,5000000,6315.502142857168,232,380558,3509.9055211544037
0.1,0.95,5000000,8540.576666666751,242,396010,5337.310202598572
0.2,0.95,5000000,6118.6964285714475,239,390420,3589.973682641983
0.1,0.95,5000000,8262.984761904794,244,406128,5661.9130573272705
0.1,0.95,5000000,8421.836428571507,245,395668,5329.303217411041
0.1,0.95,5000000,7859.030000000047,236,386186,5096.586622714996
0.1,0.95,5000000,8288.480952381007,241,410008,5455.614320039749
0.1,0.95,5000000,8597.573809523883,248,399878,5563.86759185791
0.1,0.95,5000000,8425.19476190479,244,398676,5599.0716779232025
0.1,0.95,5000000,8416.72666666671,233,387342,5950.508507013321
0.1,0.95,5000000,8144.802380952424,241,405398,5412.636190891266
0.1,0.95,5000000,8750.447380952452,251,397308,5480.182018280029
0.1,0.95,5000000,8324.222380952477,241,391780,5203.427307605743
0.1,0.95,5000000,8188.782857142923,220,378076,5585.035970687866
0.1,0.95,5000000,8493.368333333405,248,401446,5533.346374034882
0.1,0.95,5000000,8463.176428571493,233,387362,5640.99486374855
0.1,0.95,5000000,8596.668333333384,240,388398,5808.076823711395
0.1,0.95,5000000,8683.503095238188,241,383330,5681.827218532562
0.1,0.95,5000000,8290.80214285719,245,409078,5609.595288276672
0.1,0.95,5000000,8262.871428571487,234,390582,5482.25822520256
0.1,0.95,5000000,8148.489761904803,248,393800,5895.340685844421
0.1,0.95,5000000,8606.273333333407,246,394276,5916.954395055771
0.1,0.95,5000000,8544.811190476283,240,392766,5717.873761415482
0.1,0.95,5000000,8650.076428571541,247,405490,5933.198925733566
0.2,0.95,5000000,6244.915714285746,234,388230,3596.237646818161
0.1,0.95,5000000,8512.329047619129,240,392948,5967.445147275925
0.2,0.95,5000000,6404.298095238138,245,397058,3715.5889654159546
0.3,0.95,5000000,5116.287619047615,254,422006,2845.4139533042908
0.1,0.95,5000000,8004.826190476249,232,385002,5993.310035943985
0.1,0.95,5000000,8474.225714285825,232,383394,5792.647264957428
0.1,0.95,5000000,8478.881666666748,240,390584,6063.986214876175
0.3,0.95,5000000,5319.331428571452,234,405534,3015.220797777176
0.2,0.95,5000000,6509.942142857165,245,389388,3912.492676258087
0.2,0.95,5000000,6195.347857142908,246,385784,3775.179096698761
0.2,0.95,5000000,6452.16690476193,242,380170,3831.2452552318573
0.2,0.95,5000000,6054.454285714306,243,397856,3765.4054543972015
0.2,0.95,5000000,6624.570952381006,240,415844,3926.928506374359
0.2,0.95,5000000,6443.356904761935,229,396394,3928.342498064041
0.2,0.95,5000000,6806.948333333397,239,407204,4180.8513967990875
0.2,0.95,5000000,6314.331428571453,232,385878,3858.1174647808075
0.2,0.95,5000000,6358.949285714312,245,386902,3831.501753091812
0.2,0.95,5000000,6249.984523809568,237,402326,3967.4751482009888
0.3,0.95,5000000,5229.251428571441,246,407134,3013.6313421726227
0.4,0.95,5000000,4616.204761904765,259,423464,2541.7946066856384
0.2,0.95,5000000,6446.047380952414,246,410320,3990.946801185608
0.2,0.95,5000000,6467.406666666688,251,402208,3713.3535294532776
0.2,0.95,5000000,6476.310238095257,239,391336,3962.299950361252
0.2,0.95,5000000,6394.234285714306,230,393494,3904.08927321434
0.2,0.95,5000000,6148.19571428575,230,396854,4045.031829357147
0.3,0.95,5000000,5423.840476190486,250,404330,3014.6575062274933
0.2,0.95,5000000,6386.077380952414,235,374444,3888.687463283539
0.2,0.95,5000000,6492.307380952407,233,389006,3867.2757501602173
0.2,0.95,5000000,6259.805000000029,242,398644,3912.1601791381836
0.4,0.95,5000000,4736.620952380964,254,406914,2560.0590126514435
0.2,0.95,5000000,6631.170714285729,251,397278,3977.1748065948486
0.2,0.95,5000000,6250.345000000023,236,389842,3975.913022994995
0.2,0.95,5000000,6418.525714285733,241,396888,3935.907123565674
0.2,0.95,5000000,6406.822142857164,230,391528,3897.190231323242
0.2,0.95,5000000,6299.403333333336,241,396150,4058.0604536533356
0.2,0.95,5000000,6284.692619047649,239,400972,3868.0539968013763
0.2,0.95,5000000,6466.240238095274,231,387690,3800.7802934646606
0.2,0.95,5000000,6348.631666666673,244,401412,3990.0893573760986
0.3,0.95,5000000,5297.230238095259,251,403600,3100.1413407325745
0.3,0.95,5000000,5273.99761904766,244,391414,3176.200606107712
0.3,0.95,5000000,5240.779523809545,243,407354,3191.99609041214
0.3,0.95,5000000,5306.006666666674,249,411306,3143.595251083374
0.5,0.95,5000000,4422.525714285718,272,406142,2396.9636080265045
0.3,0.95,5000000,5415.993809523821,257,407700,3196.375499486923
0.3,0.95,5000000,5247.282142857153,244,399744,3142.2327377796173
0.4,0.95,5000000,4600.123809523813,256,416834,2648.983551502228
0.4,0.95,5000000,4730.41642857144,259,420086,2725.5658762454987
0.3,0.95,5000000,5302.527857142879,246,418566,3200.8357264995575
0.5,0.95,5000000,4357.654523809531,277,439210,2449.679428577423
0.3,0.95,5000000,5214.349523809552,232,406808,3204.1097223758698
0.3,0.95,5000000,5200.780238095264,253,406062,3086.6633694171906
0.3,0.95,5000000,5428.578333333361,246,395464,3204.9517369270325
0.3,0.95,5000000,5204.111666666663,236,399890,3080.3620686531067
0.3,0.95,5000000,5341.437142857148,246,408790,3216.042709350586
0.3,0.95,5000000,5219.830000000029,244,399424,3147.6081461906433
0.3,0.95,5000000,5352.887142857153,235,395068,3201.576145172119
0.3,0.95,5000000,5290.769523809553,242,409334,3289.4768946170807
0.3,0.95,5000000,5234.276904761918,246,400554,3159.8826286792755
0.3,0.95,5000000,5209.138809523833,250,419966,3182.082238674164
0.3,0.95,5000000,5306.4180952381075,243,406108,3272.5388865470886
0.3,0.95,5000000,5358.383809523817,244,392236,3219.270863056183
0.3,0.95,5000000,5351.208809523825,248,395102,3293.4272480010986
0.3,0.95,5000000,5305.971190476206,248,400746,3250.2605526447296
0.3,0.95,5000000,5329.857857142875,249,416868,3256.083796977997
0.3,0.95,5000000,5213.78523809526,242,398210,3265.070072889328
0.4,0.95,5000000,4711.674047619059,258,405444,2781.849780321121
0.3,0.95,5000000,5424.575714285724,255,403716,3191.1752438545227
0.3,0.95,5000000,5184.4469047619195,244,415344,3273.0977449417114
0.6,0.95,5000000,4126.66357142857,292,434882,2327.36563372612
0.3,0.95,5000000,5335.703571428584,250,409906,3283.009430170059
0.4,0.95,5000000,4758.829523809536,251,412720,2872.862396001816
0.4,0.95,5000000,4517.483333333345,244,426386,2748.5889418125153
0.5,0.95,5000000,4383.8383333333495,283,432690,2526.2864487171173
0.4,0.95,5000000,4627.6180952381,261,413222,2849.8036167621613
0.4,0.95,5000000,4620.400000000017,257,428484,2813.4146716594696
0.4,0.95,5000000,4707.102619047619,260,415148,2903.9423038959503
0.6,0.95,5000000,4105.953571428581,290,454030,2340.169623851776
0.5,0.95,5000000,4342.065714285711,271,435152,2515.012536764145
0.4,0.95,5000000,4716.844047619044,267,411842,2766.9108905792236
0.4,0.95,5000000,4689.265000000004,260,404796,2804.366245508194
0.4,0.95,5000000,4647.085238095244,264,420710,2810.941089630127
0.4,0.95,5000000,4674.354047619052,257,424990,2821.4789576530457
0.4,0.95,5000000,4708.8378571428675,261,410434,2800.7026007175446
0.4,0.95,5000000,4679.442619047624,254,409962,2850.08815407753
0.4,0.95,5000000,4782.328095238106,258,424534,2766.252489566803
0.4,0.95,5000000,4742.941190476193,265,417030,2846.22434258461
0.4,0.95,5000000,4704.01976190477,259,404066,2823.893409729004
0.4,0.95,5000000,4656.043095238109,267,440748,2821.2258911132812
0.4,0.95,5000000,4676.673095238106,265,417000,2806.7792975902557
0.4,0.95,5000000,4738.082619047632,267,415366,2782.050884962082
0.4,0.95,5000000,4737.879761904775,259,415476,2817.9155645370483
0.4,0.95,5000000,4770.043333333332,259,411564,2861.093227148056
0.4,0.95,5000000,4719.40119047621,249,408626,2817.7864067554474
0.4,0.95,5000000,4670.089047619053,259,417038,2891.8897264003754
0.7,0.95,5000000,4058.74880952381,299,464510,2263.3818373680115
0.5,0.95,5000000,4389.41714285716,280,445860,2517.6276054382324
0.4,0.95,5000000,4704.561428571435,252,412992,2841.78746676445
0.4,0.95,5000000,4658.199523809542,262,420068,2801.749843597412
0.6,0.95,5000000,4174.412857142861,287,444806,2405.867817401886
0.4,0.95,5000000,4726.302619047637,255,415182,2868.6444439888
0.7,0.95,5000000,4004.8371428571513,314,488442,2204.3471834659576
0.5,0.95,5000000,4362.519761904768,278,461390,2592.8463439941406
0.4,0.95,5000000,4858.635238095251,248,418352,2861.6410682201385
0.5,0.95,5000000,4382.604523809547,274,441252,2599.8302092552185
0.5,0.95,5000000,4360.4088095238185,278,422894,2633.1131913661957
0.6,0.95,5000000,4092.3552380952437,296,445942,2359.862193584442
0.5,0.95,5000000,4381.647857142865,278,435996,2632.7234165668488
0.5,0.95,5000000,4373.698095238105,280,443744,2624.0229547023773
0.5,0.95,5000000,4287.361190476209,282,449508,2636.676134109497
0.5,0.95,5000000,4365.898571428579,282,436728,2607.1746265888214
0.5,0.95,5000000,4330.326428571423,270,438848,2614.458105325699
0.5,0.95,5000000,4324.001904761909,281,442708,2548.8843989372253
0.5,0.95,5000000,4360.235000000011,269,438356,2624.0884795188904
0.5,0.95,5000000,4335.343809523819,281,433546,2620.259927511215
0.5,0.95,5000000,4351.5842857142925,274,416258,2639.8711450099945
0.5,0.95,5000000,4447.670000000023,267,412896,2677.7162070274353
0.5,0.95,5000000,4307.0816666666615,289,442242,2598.7274429798126
0.5,0.95,5000000,4435.13047619048,270,421456,2628.191568851471
0.5,0.95,5000000,4488.69166666667,267,401112,2635.9310822486877
0.5,0.95,5000000,4424.804761904765,271,422052,2683.1274993419647
0.8,0.95,5000000,3899.5640476190533,317,507774,2156.289155483246
0.5,0.95,5000000,4331.263333333338,282,442548,2598.521555185318
0.5,0.95,5000000,4333.682857142866,270,441026,2601.4367945194244
0.5,0.95,5000000,4391.8221428571405,262,437284,2609.9101281166077
0.6,0.95,5000000,4101.201428571435,293,450856,2526.1161313056946
0.5,0.95,5000000,4327.122619047637,277,431628,2640.3181920051575
0.8,0.95,5000000,3948.377857142858,316,482248,2162.386590242386
0.7,0.95,5000000,4028.6011904761813,310,476582,2271.3653082847595
0.5,0.95,5000000,4406.983333333331,276,441392,2717.0469720363617
0.5,0.95,5000000,4341.2330952381035,272,427838,2647.439557790756
0.7,0.95,5000000,3998.930238095242,308,465170,2313.6673607826233
0.6,0.95,5000000,4147.958095238106,298,455226,2516.0523335933685
0.5,0.95,5000000,4342.857142857152,269,432352,2669.828212738037
0.6,0.95,5000000,4152.461428571444,284,424916,2494.9459943771362
0.6,0.95,5000000,4154.941428571432,296,459614,2506.3496372699738
0.6,0.95,5000000,4068.5433333333417,290,440410,2470.7755172252655
0.5,0.95,5000000,4412.227380952394,268,425496,2727.108057975769
0.6,0.95,5000000,4152.260238095249,294,452912,2538.116779565811
0.6,0.95,5000000,4146.253809523815,286,452754,2464.672751903534
0.6,0.95,5000000,4159.592142857151,287,463786,2512.5448727607727
0.6,0.95,5000000,4079.2245238095293,286,460528,2510.1559445858
0.6,0.95,5000000,4170.075000000005,292,446998,2555.0664944648743
0.6,0.95,5000000,4159.482380952376,286,443342,2502.3782625198364
0.6,0.95,5000000,4139.224761904772,296,464386,2470.9357068538666
0.6,0.95,5000000,4124.3514285714355,299,466588,2512.2267396450043
0.9,0.95,5000000,3788.890000000005,339,512180,2168.1872098445892
0.6,0.95,5000000,4206.614047619053,277,429090,2536.2131538391113
0.6,0.95,5000000,4199.472619047631,279,433032,2559.7003462314606
0.6,0.95,5000000,4106.5735714285765,282,463700,2501.3007576465607
0.6,0.95,5000000,4203.30476190477,287,443366,2509.3901731967926
0.6,0.95,5000000,4194.744523809521,278,453464,2536.3423988819122
0.6,0.95,5000000,4089.773809523823,302,479056,2427.87877869606
0.6,0.95,5000000,4079.1078571428634,300,482378,2498.5456948280334
0.9,0.95,5000000,3831.170714285705,323,502644,2173.6635909080505
0.6,0.95,5000000,4081.7164285714307,287,454272,2496.304886817932
0.7,0.95,5000000,4048.327380952387,304,472978,2426.6124064922333
0.8,0.95,5000000,3881.456904761911,320,498214,2224.95627617836
0.6,0.95,5000000,4136.762142857155,296,476832,2537.6055743694305
0.8,0.95,5000000,3959.5183333333357,323,505032,2229.3965921401978
0.6,0.95,5000000,4224.552142857151,291,451390,2560.0298175811768
0.7,0.95,5000000,4040.792380952385,311,500112,2392.387023448944
0.6,0.95,5000000,4120.0502380952485,288,440322,2519.416711330414
0.7,0.95,5000000,4001.929285714289,302,474066,2459.326299905777
0.7,0.95,5000000,4018.07595238096,307,472716,2382.722543001175
0.7,0.95,5000000,4005.476666666669,308,483338,2349.126935005188
0.6,0.95,5000000,4221.261428571438,283,449816,2575.8061652183533
0.7,0.95,5000000,3965.436190476207,311,487320,2386.122636079788
0.6,0.95,5000000,4236.756666666676,292,435604,2564.6957306861877
0.7,0.95,5000000,4016.6730952381004,307,472050,2446.0907394886017
0.7,0.95,5000000,4033.080238095248,293,469066,2387.8068952560425
0.7,0.95,5000000,4023.501666666669,297,461564,2425.3038234710693
1.0,0.95,5000000,3597.3019047618914,537,747986,2057.045563697815
0.7,0.95,5000000,3964.1533333333396,304,479140,2402.9343073368073
0.7,0.95,5000000,4054.3928571428705,296,462658,2400.7689261436462
0.7,0.95,5000000,3971.39047619048,312,496090,2400.34783411026
0.7,0.95,5000000,3950.5547619047693,307,488758,2445.141638278961
0.7,0.95,5000000,4050.2611904761925,304,463214,2342.8315980434418
0.7,0.95,5000000,4034.8285714285776,300,455072,2435.039541244507
0.7,0.95,5000000,4046.3300000000113,307,455724,2411.5348863601685
0.7,0.95,5000000,3970.366428571438,299,461066,2451.399109363556
0.7,0.95,5000000,4026.8273809523935,303,486274,2420.0190558433533
1.0,0.95,5000000,3596.4095238095124,519,720604,2108.759334087372
0.7,0.95,5000000,4071.5371428571602,294,461684,2400.329046010971
0.9,0.95,5000000,3861.4333333333343,330,515966,2202.4443006515503
0.8,0.95,5000000,3867.519047619063,327,524212,2307.919766664505
0.7,0.95,5000000,3962.5409523809512,294,486208,2364.512101173401
0.7,0.95,5000000,4004.0430952381043,294,463328,2465.4148194789886
0.7,0.95,5000000,4007.5845238095244,305,482048,2399.7234950065613
0.9,0.95,5000000,3814.6159523809565,341,533226,2226.7244935035706
0.7,0.95,5000000,3993.962380952391,308,467266,2421.4984352588654
0.8,0.95,5000000,3970.595476190492,318,475914,2365.7388591766357
0.8,0.95,5000000,3913.2209523809565,322,496788,2360.5292229652405
0.7,0.95,5000000,4013.451428571425,299,458204,2402.1511092185974
0.8,0.95,5000000,3894.510000000005,317,480404,2356.980750799179
0.8,0.95,5000000,3903.2223809523907,325,501008,2311.5194883346558
0.8,0.95,5000000,3889.608571428572,309,499932,2312.447809934616
0.7,0.95,5000000,4004.9402380952433,305,483708,2547.6934514045715
0.7,0.95,5000000,3973.506904761916,309,484520,2454.8672573566437
0.8,0.95,5000000,3867.8809523809564,319,465052,2414.4211909770966
0.8,0.95,5000000,3841.9366666666597,318,511940,2346.1285920143127
0.8,0.95,5000000,3921.8040476190517,317,469862,2362.6127417087555
0.8,0.95,5000000,3935.7266666666787,309,473348,2374.006794691086
0.8,0.95,5000000,3919.571190476197,325,509972,2346.4991829395294
0.8,0.95,5000000,3917.4021428571473,320,502002,2319.6944098472595
0.8,0.95,5000000,3877.699999999996,328,493202,2338.276408433914
0.8,0.95,5000000,3954.167619047629,324,492470,2348.8199117183685
0.8,0.95,5000000,3903.9557142857075,322,490464,2327.6851601600647
0.8,0.95,5000000,3916.8916666666705,311,497208,2347.962244272232
0.8,0.95,5000000,3865.0723809523806,329,508130,2346.7547659873962
0.8,0.95,5000000,3866.7988095238134,325,504890,2354.3266406059265
1.0,0.95,5000000,3615.5178571428523,531,732312,2145.0973885059357
0.9,0.95,5000000,3800.2128571428607,337,499956,2305.6486814022064
0.8,0.95,5000000,3866.757142857148,310,509710,2441.5763478279114
0.8,0.95,5000000,3914.272857142856,316,484892,2353.9386365413666
0.8,0.95,5000000,3886.0185714285753,317,485728,2357.5676171779633
1.0,0.95,5000000,3615.178095238094,689,709830,2138.9264719486237
0.8,0.95,5000000,3892.011428571433,320,497012,2363.4523737430573
0.9,0.95,5000000,3803.4242857142854,321,489116,2257.1929671764374
0.8,0.95,5000000,3878.103095238109,318,480968,2369.2234308719635
0.9,0.95,5000000,3861.0423809523754,338,504206,2331.4696369171143
0.8,0.95,5000000,3956.0978571428504,319,510846,2317.69290971756
0.9,0.95,5000000,3856.822142857149,331,516924,2318.149378299713
0.9,0.95,5000000,3817.1059523809595,338,515562,2317.6982896327972
0.9,0.95,5000000,3825.053333333338,333,521208,2370.802576303482
0.8,0.95,5000000,3921.930238095241,321,491994,2421.384933948517
0.8,0.95,5000000,3909.294523809525,319,486830,2366.090003013611
0.9,0.95,5000000,3830.518809523816,333,529668,2262.1464326381683
0.9,0.95,5000000,3844.5016666666656,339,488190,2313.8536455631256
0.9,0.95,5000000,3834.860714285707,325,505734,2296.7928643226624
0.9,0.95,5000000,3867.141904761905,331,505028,2277.0439913272858
0.9,0.95,5000000,3835.5833333333367,328,532626,2252.8653819561005
0.9,0.95,5000000,3795.5516666666717,344,522076,2312.3417966365814
0.9,0.95,5000000,3825.5773809523753,340,528226,2329.1443450450897
0.9,0.95,5000000,3784.1907142857185,336,537708,2286.994288921356
0.9,0.95,5000000,3848.6647619047735,341,514812,2275.5031859874725
0.9,0.95,5000000,3833.3100000000095,333,523608,2340.281224012375
0.9,0.95,5000000,3759.7759523809664,355,529082,2320.9342737197876
0.9,0.95,5000000,3840.9419047619053,338,507018,2315.6811459064484
1.0,0.95,5000000,3645.2869047618983,535,768420,2240.5521852970123
0.9,0.95,5000000,3796.251190476184,332,515598,2289.2769594192505
0.9,0.95,5000000,3775.681190476201,356,566510,2298.706474304199
0.9,0.95,5000000,3844.4866666666703,334,522430,2296.7759330272675
0.9,0.95,5000000,3815.993333333328,340,512080,2346.8011016845703
1.0,0.95,5000000,3609.2988095238097,632,753648,2191.7196657657623
0.9,0.95,5000000,3778.9266666666676,330,525094,2264.3783645629883
1.0,0.95,5000000,3631.2735714285636,556,731586,2271.7888762950897
1.0,0.95,5000000,3591.14404761905,724,751482,2244.0461609363556
0.9,0.95,5000000,3837.977619047625,343,505066,2335.1900811195374
1.0,0.95,5000000,3618.7552380952307,529,752282,2365.422887802124
1.0,0.95,5000000,3624.4559523809453,615,771940,2222.828845977783
0.9,0.95,5000000,3853.3869047619123,330,499388,2355.701295852661
0.9,0.95,5000000,3812.7469047619024,329,522376,2305.7879226207733
1.0,0.95,5000000,3631.502142857133,586,723788,2223.3453710079193
1.0,0.95,5000000,3618.260714285709,653,743916,2201.0988676548004
1.0,0.95,5000000,3617.5133333333324,569,726778,2219.4836854934692
1.0,0.95,5000000,3616.5690476190453,769,758730,2231.899664878845
1.0,0.95,5000000,3596.017857142854,792,717000,2210.5826256275177
1.0,0.95,5000000,3603.0890476190516,554,733340,2233.151245355606
1.0,0.95,5000000,3577.2142857142817,619,745196,2244.274569749832
1.0,0.95,5000000,3623.799047619041,636,742978,2265.7953310012817
1.0,0.95,5000000,3642.4854761904744,827,770152,2292.436774492264
1.0,0.95,5000000,3631.2659523809484,1003,767732,2304.5936422348022
1.0,0.95,5000000,3701.2495238095275,591,716662,2247.5811820030212
1.0,0.95,5000000,3604.702380952379,611,746430,2216.018821954727
1.0,0.95,5000000,3637.745952380952,542,750952,2216.1351759433746
1.0,0.95,5000000,3620.692380952366,651,737836,2223.4364943504333
1.0,0.95,5000000,3612.2147619047555,528,719326,2343.7601556777954
1.0,0.95,5000000,3569.1552380952317,745,745488,2255.2200474739075
1.0,0.95,5000000,3640.6114285714216,536,772288,2229.4007794857025
1.0,0.95,5000000,3625.6071428571427,599,730012,2264.5128490924835
1.0,0.95,5000000,3581.0064285714275,530,746620,2211.093630552292
1.0,0.95,5000000,3651.3328571428574,580,752812,2260.781229496002
