0.0,0.99,500000,5272.439142857155,366,1029850,88.01072263717651
0.0,0.99,500000,5162.946999999994,367,1022036,89.31023740768433
0.1,0.99,500000,4929.471285714286,366,1015778,83.47534656524658
0.1,0.99,500000,5024.792714285721,367,1018826,85.20110273361206
0.2,0.99,500000,4940.259714285716,363,1004746,83.09202265739441
0.2,0.99,500000,4824.263142857139,366,1014654,83.68158555030823
0.3,0.99,500000,4746.590428571426,365,1011640,81.96506929397583
0.3,0.99,500000,4728.682857142851,364,1018996,82.05799102783203
0.4,0.99,500000,4545.669857142857,368,1026984,78.59096789360046
0.4,0.99,500000,4630.026571428573,366,1023674,79.23381614685059
0.0,0.99,500000,5202.833857142851,370,1027282,85.42997145652771
0.0,0.99,500000,4957.094428571425,367,1015410,84.87959718704224
0.5,0.99,500000,4586.475142857143,365,1020906,80.92281699180603
0.5,0.99,500000,4580.810571428565,366,1037232,79.055903673172
0.1,0.99,500000,5088.234428571428,370,1015744,85.59695625305176
0.1,0.99,500000,5047.639714285715,367,1020326,81.71025276184082
0.6,0.99,500000,4424.647428571427,365,1030740,77.58673024177551
0.6,0.99,500000,4481.738142857146,370,1029692,79.77224373817444
0.2,0.99,500000,4855.009142857139,370,1036632,83.1218650341034
0.2,0.99,500000,4776.52471428571,362,1013448,81.89298176765442
0.7,0.99,500000,4448.45071428571,371,1031892,76.90624904632568
0.7,0.99,500000,4334.780142857139,369,1041382,78.3119707107544
0.3,0.99,500000,4834.342999999996,364,1008252,82.40329957008362
0.3,0.99,500000,4680.845285714284,363,1009262,82.56131863594055
0.8,0.99,500000,4396.331571428567,369,1022418,77.30658793449402
0.8,0.99,500000,4343.482142857139,369,1039844,80.8857970237732
0.4,0.99,500000,4503.704999999997,365,1025464,81.25480079650879
0.4,0.99,500000,4563.642714285711,363,1019012,80.09941959381104
0.9,0.99,500000,4274.767857142852,368,1035868,78.32527089118958
0.9,0.99,500000,4337.377142857143,371,1030660,78.76478791236877
0.5,0.99,500000,4518.041571428575,363,1022138,80.5103452205658
0.5,0.99,500000,4474.780142857141,369,1022588,80.69735360145569
1.0,0.99,500000,4165.969571428569,418,1098406,76.42937874794006
1.0,0.99,500000,4192.243714285712,413,1076880,76.96502637863159
0.6,0.99,500000,4437.763428571424,366,1017236,77.4357762336731
0.0,0.99,500000,5186.940428571422,366,1016392,85.73671054840088
0.0,0.99,500000,5143.619714285717,369,1023114,86.15612554550171
0.6,0.99,500000,4442.270999999997,365,1020194,77.82034659385681
0.7,0.99,500000,4365.186285714283,369,1022218,80.27101826667786
0.1,0.99,500000,4905.912714285719,364,1011202,82.45640444755554
0.1,0.99,500000,5048.558285714279,367,1032828,85.79577207565308
0.7,0.99,500000,4547.6361428571445,370,1035828,77.93140125274658
0.0,0.99,1000000,5109.692857142858,362,1018866,166.94229984283447
0.0,0.99,1000000,5223.53300000001,362,1016918,173.57797074317932
0.8,0.99,500000,4282.466142857134,368,1022178,77.44684219360352
0.2,0.99,500000,4867.121571428573,366,1026508,81.13809275627136
0.2,0.99,500000,4795.711142857139,363,1013528,81.78087544441223
0.8,0.99,500000,4340.092857142855,371,1020794,77.1623637676239
0.9,0.99,500000,4269.297285714282,371,1035314,77.42690849304199
0.3,0.99,500000,4725.790571428563,367,1020374,83.4862048625946
0.3,0.99,500000,4778.360428571419,369,1030146,81.9528169631958
0.9,0.99,500000,4303.251999999996,372,1034938,77.61553764343262
0.1,0.99,1000000,5067.462571428564,360,1016570,165.67102360725403
1.0,0.99,500000,4167.780142857139,432,1121634,77.71217703819275
0.1,0.99,1000000,5112.257714285714,366,1021458,166.22666311264038
0.4,0.99,500000,4650.772428571417,364,1007706,81.66631126403809
0.4,0.99,500000,4558.183571428565,364,1019668,79.00842475891113
1.0,0.99,500000,4157.323142857142,411,1107006,76.23429608345032
0.5,0.99,500000,4554.128571428569,368,1015192,78.85467648506165
0.5,0.99,500000,4560.323428571423,370,1029822,80.90727257728577
0.2,0.99,1000000,4930.629857142854,363,1021582,164.95721817016602
0.0,0.99,1000000,5267.779142857148,362,1020698,170.75246620178223
0.2,0.99,1000000,4920.777142857139,359,1013930,165.38223099708557
0.6,0.99,500000,4504.194000000001,369,1025292,77.38693332672119
0.6,0.99,500000,4407.953999999999,367,1022616,79.34029364585876
0.0,0.99,1000000,5288.864285714278,363,1018056,166.9972665309906
0.7,0.99,500000,4317.848571428568,369,1035094,77.76560831069946
0.7,0.99,500000,4460.779999999995,370,1029320,77.98606944084167
0.3,0.99,1000000,4761.113571428572,362,1019970,159.4647719860077
0.8,0.99,500000,4333.667142857143,372,1025340,75.92022657394409
0.3,0.99,1000000,4727.116714285712,362,1018152,162.95514750480652
0.1,0.99,1000000,4851.986857142854,361,1015234,166.9050784111023
0.8,0.99,500000,4295.970714285714,373,1037660,77.09620571136475
0.1,0.99,1000000,4860.829142857141,361,1013210,162.3010768890381
0.9,0.99,500000,4255.844285714284,370,1029216,77.68495202064514
0.9,0.99,500000,4245.277571428571,371,1034636,78.12533497810364
0.4,0.99,1000000,4618.108571428566,360,1020734,155.14062976837158
1.0,0.99,500000,4190.619428571427,423,1096746,77.091787815094
0.4,0.99,1000000,4577.53714285714,362,1017050,159.89058780670166
0.2,0.99,1000000,4900.515428571423,362,1014452,159.98063349723816
1.0,0.99,500000,4248.209428571423,423,1066826,76.62778186798096
0.2,0.99,1000000,4893.08528571429,358,1033714,163.71778297424316
0.5,0.99,1000000,4513.5365714285745,359,1011528,159.45803046226501
0.5,0.99,1000000,4500.816142857146,363,1014816,157.13118720054626
0.0,0.99,1000000,5271.262571428572,361,1025484,166.9767062664032
0.3,0.99,1000000,4691.660571428572,360,1003960,159.80092430114746
0.0,0.99,1000000,5201.257285714281,360,1014690,165.40720415115356
0.3,0.99,1000000,4669.978428571424,363,1008514,155.84349751472473
0.6,0.99,1000000,4457.918428571425,363,1017382,152.91825079917908
0.6,0.99,1000000,4532.138571428576,362,1006586,153.53861379623413
0.4,0.99,1000000,4696.439857142853,361,1024594,159.20817613601685
0.1,0.99,1000000,5016.944142857144,364,1020946,162.9817717075348
0.1,0.99,1000000,5051.640714285718,361,1023230,167.8560826778412
0.4,0.99,1000000,4670.957285714282,362,1015000,157.9027543067932
0.7,0.99,1000000,4448.745857142852,362,1021812,149.4548954963684
0.7,0.99,1000000,4432.926999999991,363,1019284,152.72220516204834
0.5,0.99,1000000,4533.4594285714265,360,1020140,157.0458323955536
0.2,0.99,1000000,4765.279999999996,366,1013052,163.83695363998413
0.5,0.99,1000000,4496.522857142857,363,1019576,153.09558391571045
0.2,0.99,1000000,4956.340714285716,361,1018028,162.61670184135437
0.8,0.99,1000000,4339.4138571428575,365,1027908,149.89325618743896
0.8,0.99,1000000,4326.309285714279,368,1029268,151.91497540473938
0.6,0.99,1000000,4453.573999999999,360,1011558,149.28480434417725
0.3,0.99,1000000,4697.674857142858,362,1034540,160.28548526763916
0.6,0.99,1000000,4532.768285714285,369,1018612,155.92055344581604
0.3,0.99,1000000,4798.221428571427,364,1018470,157.00281739234924
0.9,0.99,1000000,4316.072571428567,366,1021608,151.2157702445984
0.9,0.99,1000000,4320.90957142857,365,1027900,151.9094614982605
0.7,0.99,1000000,4344.706999999996,368,1037116,149.71958684921265
0.4,0.99,1000000,4699.543000000002,364,1014682,158.93987154960632
0.7,0.99,1000000,4441.096428571421,366,1031166,151.85079836845398
0.4,0.99,1000000,4604.222714285715,362,1018116,157.82013845443726
1.0,0.99,1000000,4181.165285714283,418,1111904,148.91112351417542
1.0,0.99,1000000,4227.024571428571,423,1121270,152.83707690238953
0.8,0.99,1000000,4308.674285714284,363,1031014,150.34209728240967
0.5,0.99,1000000,4546.789428571426,364,1019166,157.34710574150085
0.8,0.99,1000000,4380.974142857148,362,1031394,149.80651664733887
0.5,0.99,1000000,4563.562285714284,365,1014076,153.13566160202026
0.9,0.99,1000000,4317.3368571428555,367,1021074,147.56599235534668
0.6,0.99,1000000,4524.329285714285,366,1030528,153.7346968650818
0.9,0.99,1000000,4395.966714285709,366,1024642,149.57639932632446
0.6,0.99,1000000,4561.683714285717,364,1016594,162.18711137771606
1.0,0.99,1000000,4145.949285714277,420,1106532,149.66973209381104
1.0,0.99,1000000,4190.046142857146,437,1113764,147.6393837928772
0.7,0.99,1000000,4378.817571428571,366,1030512,151.35604310035706
0.7,0.99,1000000,4377.51385714286,366,1015666,154.63638353347778
0.0,0.99,3000000,5196.820714285725,346,1029792,499.78812527656555
0.0,0.99,3000000,5306.642999999997,346,1016720,498.6124973297119
0.8,0.99,1000000,4364.73957142857,364,1035242,149.21190762519836
0.8,0.99,1000000,4420.635142857141,367,1018570,150.1572127342224
0.9,0.99,1000000,4335.137428571424,365,1014806,150.83492136001587
0.9,0.99,1000000,4378.048999999999,368,1034270,152.03240394592285
1.0,0.99,1000000,4189.290571428567,429,1101944,147.60572981834412
0.0,0.99,3000000,5189.255999999994,355,1022974,501.5526194572449
1.0,0.99,1000000,4157.325142857139,453,1109076,148.25780034065247
0.0,0.99,3000000,5230.7044285714255,354,1020062,514.851993560791
0.1,0.99,3000000,4985.359428571429,358,1018838,488.5226938724518
0.1,0.99,3000000,5140.39942857143,348,1012024,500.69807028770447
0.1,0.99,3000000,5068.111142857145,354,1011504,481.89915680885315
0.0,0.99,3000000,5284.810571428577,356,1031624,504.4502396583557
0.0,0.99,3000000,5107.075285714291,351,1021954,495.0159525871277
0.1,0.99,3000000,5119.742857142859,353,1017340,495.19884037971497
0.2,0.99,3000000,4939.801142857142,355,1017178,474.7632076740265
0.2,0.99,3000000,4986.628285714285,359,1029982,482.1391632556915
0.2,0.99,3000000,4879.4672857142805,349,1016854,477.892694234848
0.1,0.99,3000000,4940.983714285717,341,1028982,489.8468518257141
0.1,0.99,3000000,5169.613142857135,358,1019708,490.24105191230774
0.2,0.99,3000000,4811.3787142857045,358,1017682,489.21540355682373
0.3,0.99,3000000,4742.827142857143,356,1014630,466.6639347076416
0.3,0.99,3000000,4788.598999999995,356,1014532,472.50104546546936
0.3,0.99,3000000,4757.01214285714,351,1015116,477.83316016197205
0.2,0.99,3000000,4947.04571428572,357,1038470,480.08159589767456
0.2,0.99,3000000,4889.174428571434,357,1013378,493.2178747653961
0.3,0.99,3000000,4743.394142857145,359,1020216,470.483092546463
0.4,0.99,3000000,4617.347428571429,359,1027816,460.6818940639496
0.4,0.99,3000000,4658.513571428567,355,1018522,470.0840232372284
0.4,0.99,3000000,4637.050142857141,357,1020470,459.35236716270447
0.3,0.99,3000000,4817.233428571427,356,1027618,474.850946187973
0.4,0.99,3000000,4574.5579999999945,363,1014440,462.74247574806213
0.3,0.99,3000000,4825.1808571428555,360,1010102,475.67432045936584
0.5,0.99,3000000,4517.466571428576,357,1021968,452.6632399559021
0.5,0.99,3000000,4497.524285714282,358,1020026,461.70212721824646
0.5,0.99,3000000,4616.605428571425,361,1015730,452.2438163757324
0.4,0.99,3000000,4662.586857142857,360,1018188,457.1811194419861
0.5,0.99,3000000,4556.493142857144,360,1009360,455.86546897888184
0.4,0.99,3000000,4622.29357142857,356,1017854,468.0089874267578
0.6,0.99,3000000,4447.53571428571,360,1012492,454.57558131217957
0.6,0.99,3000000,4486.046714285713,359,1017142,463.22051072120667
0.6,0.99,3000000,4532.190857142858,362,1030224,452.41012167930603
0.5,0.99,3000000,4637.888571428566,356,1013768,458.95432448387146
0.6,0.99,3000000,4469.723428571428,360,1030972,447.99017572402954
0.7,0.99,3000000,4416.413999999998,360,1017260,438.1385905742645
0.5,0.99,3000000,4571.826714285719,358,1021380,460.2660126686096
0.7,0.99,3000000,4434.949285714281,361,1027868,448.72181272506714
0.7,0.99,3000000,4445.594999999992,359,1020428,445.7381548881531
0.7,0.99,3000000,4458.719285714284,357,1016310,444.91670274734497
0.6,0.99,3000000,4509.395571428577,355,1016388,469.5888934135437
0.8,0.99,3000000,4432.638857142854,366,1025588,446.24143290519714
0.6,0.99,3000000,4489.478999999998,361,1030004,455.3183002471924
0.8,0.99,3000000,4339.827714285705,360,1015038,451.0424928665161
0.8,0.99,3000000,4385.251857142852,363,1025282,444.65727043151855
0.8,0.99,3000000,4414.502571428574,360,1016608,447.87485671043396
0.7,0.99,3000000,4421.98814285714,356,1017414,455.5564353466034
0.9,0.99,3000000,4454.518999999996,361,1018930,441.29521322250366
0.7,0.99,3000000,4397.394428571428,360,1023666,442.9781882762909
0.9,0.99,3000000,4323.664999999996,364,1025422,452.16972064971924
0.9,0.99,3000000,4319.276285714282,366,1023878,449.57984948158264
0.9,0.99,3000000,4382.633285714285,362,1026104,441.19247460365295
0.8,0.99,3000000,4350.375428571421,362,1020472,444.71930170059204
1.0,0.99,3000000,4176.29557142857,500,1079856,444.52030420303345
0.8,0.99,3000000,4373.340571428564,361,1018516,448.027813911438
1.0,0.99,3000000,4167.2632857142835,416,1123764,446.09505105018616
1.0,0.99,3000000,4197.498714285713,429,1120444,442.69782876968384
1.0,0.99,3000000,4212.77014285714,421,1086086,430.5348217487335
0.9,0.99,3000000,4375.397000000001,361,1015002,442.6404252052307
0.9,0.99,3000000,4368.990857142857,359,1015512,445.40078687667847
0.0,0.99,5000000,5230.609000000002,356,1031398,824.4415199756622
1.0,0.99,3000000,4196.978142857136,419,1087314,442.122775554657
1.0,0.99,3000000,4168.428000000001,429,1082756,446.2076258659363
0.0,0.99,5000000,5348.091000000004,353,1025886,829.2559833526611
0.0,0.99,5000000,5228.891999999999,352,1031046,825.2291512489319
0.0,0.99,5000000,5225.575285714292,352,1022796,838.8318264484406
0.1,0.99,5000000,4956.646571428576,358,1018560,814.3934512138367
0.0,0.99,5000000,5204.717999999995,354,1035732,838.8728098869324
0.1,0.99,5000000,5051.549142857141,350,1016904,806.8603415489197
0.0,0.99,5000000,5263.342714285706,352,1022524,833.2549200057983
0.1,0.99,5000000,5158.125999999999,353,1022978,823.0767574310303
0.1,0.99,5000000,5050.537571428574,352,1022396,812.6069207191467
0.2,0.99,5000000,4971.38442857143,345,1021292,791.7000670433044
0.2,0.99,5000000,4842.371857142853,360,1013816,791.166464805603
0.1,0.99,5000000,5080.041714285712,351,1013608,822.8320636749268
0.1,0.99,5000000,5109.894999999996,350,1027672,817.4286653995514
0.2,0.99,5000000,4863.393571428573,355,1014548,805.2003226280212
0.2,0.99,5000000,5052.018714285718,354,1010080,793.991959810257
0.3,0.99,5000000,4758.230857142857,356,1019038,774.6969773769379
0.3,0.99,5000000,4641.729714285713,352,1020658,784.6530411243439
0.2,0.99,5000000,4855.191285714287,356,1010874,803.9399492740631
0.2,0.99,5000000,4906.08357142857,358,1011944,815.6905586719513
0.3,0.99,5000000,4705.565857142856,352,1015632,784.4992916584015
0.3,0.99,5000000,4828.909571428572,355,1013188,771.203809261322
0.4,0.99,5000000,4657.23257142857,350,1011360,773.3626599311829
0.4,0.99,5000000,4631.42057142857,347,1025650,772.4461998939514
0.3,0.99,5000000,4770.305999999999,349,1022238,792.5914199352264
0.3,0.99,5000000,4718.813999999989,357,1010440,795.2711007595062
0.4,0.99,5000000,4645.626285714279,353,1016816,755.4308807849884
0.4,0.99,5000000,4610.808142857142,358,1017452,770.0561075210571
0.5,0.99,5000000,4604.479142857133,359,1028244,755.908563375473
0.5,0.99,5000000,4509.290142857139,358,1012586,762.0657999515533
0.4,0.99,5000000,4662.306857142858,358,1009410,768.8036630153656
0.4,0.99,5000000,4605.360571428566,359,1019858,769.3734452724457
0.5,0.99,5000000,4592.345142857137,351,1009610,751.9011402130127
0.5,0.99,5000000,4553.881714285711,356,1015526,775.892377614975
0.6,0.99,5000000,4494.017428571433,355,1009986,754.8798451423645
0.6,0.99,5000000,4466.524285714282,355,1023108,740.3526751995087
0.5,0.99,5000000,4584.845285714284,356,1016238,766.1280429363251
0.5,0.99,5000000,4574.974714285711,352,1016968,759.0110847949982
0.6,0.99,5000000,4515.309714285711,358,1008958,751.2291445732117
0.6,0.99,5000000,4551.788428571428,357,1034634,755.982784986496
0.7,0.99,5000000,4454.637571428573,357,1028198,739.7014136314392
0.7,0.99,5000000,4392.824142857137,360,1022656,745.7443671226501
0.6,0.99,5000000,4460.685999999999,353,1019182,752.204615354538
0.6,0.99,5000000,4516.748285714284,358,1016572,753.7275385856628
0.7,0.99,5000000,4451.720571428573,361,1010690,748.8950741291046
0.7,0.99,5000000,4442.486571428573,359,1023898,759.2338871955872
0.8,0.99,5000000,4362.482857142862,360,1022966,737.9087991714478
0.8,0.99,5000000,4363.016857142857,358,1025844,742.5901176929474
0.7,0.99,5000000,4507.251142857143,355,1020376,738.9492981433868
0.7,0.99,5000000,4435.63128571429,356,1026120,733.6678402423859
0.8,0.99,5000000,4396.111428571424,357,1026406,748.0496151447296
0.8,0.99,5000000,4376.367142857135,357,1027800,738.054740190506
0.9,0.99,5000000,4297.944285714289,361,1018218,757.5123665332794
0.9,0.99,5000000,4271.326571428566,359,1014490,723.1507172584534
0.8,0.99,5000000,4364.209285714286,357,1030098,750.7495110034943
0.8,0.99,5000000,4394.488857142849,362,1016748,739.4152245521545
0.9,0.99,5000000,4337.892714285716,359,1024622,742.3942770957947
0.9,0.99,5000000,4333.605999999993,360,1027968,748.056978225708
1.0,0.99,5000000,4163.545285714284,536,1087684,731.5650415420532
1.0,0.99,5000000,4181.720999999993,489,1090848,725.8436017036438
0.0,0.99,500000,5208.582142857143,366,1017792,87.82610368728638
0.0,0.99,500000,5139.508428571422,365,1020012,83.93239569664001
0.1,0.99,500000,5041.211142857137,366,1009992,82.32908868789673
0.9,0.99,5000000,4314.530000000001,360,1027360,727.8433730602264
0.9,0.99,5000000,4343.449857142861,361,1021544,738.4371337890625
0.1,0.99,500000,5086.3005714285755,368,1032616,86.0231831073761
0.2,0.99,500000,4962.205714285709,365,1024678,84.49892044067383
0.2,0.99,500000,4847.300999999998,369,1013760,82.35717129707336
0.3,0.99,500000,4695.053714285709,364,1024010,80.38831186294556
1.0,0.99,5000000,4115.442285714281,605,1085404,744.7598171234131
0.3,0.99,500000,4753.911714285717,365,1025098,81.9022855758667
0.4,0.99,500000,4718.660285714284,367,1015272,83.08929586410522
1.0,0.99,5000000,4168.72157142857,428,1137042,728.8185541629791
0.0,0.99,500000,5122.689285714289,366,1023908,81.45745515823364
0.4,0.99,500000,4612.067142857144,364,1016606,79.92788791656494
0.5,0.99,500000,4613.308999999995,367,1022020,82.60248756408691
0.0,0.99,500000,5206.936999999993,371,1018290,81.92686319351196
0.1,0.99,500000,4963.681428571431,365,1018236,80.12946820259094
0.5,0.99,500000,4553.692857142853,365,1013556,79.350266456604
0.6,0.99,500000,4477.389999999993,369,1016100,79.24723863601685
0.1,0.99,500000,4941.6820000000025,367,1010428,80.38511490821838
0.2,0.99,500000,4863.8550000000005,367,1022810,78.69935584068298
0.6,0.99,500000,4478.255142857149,368,1035986,78.73215627670288
0.7,0.99,500000,4455.890142857151,370,1025190,78.26159238815308
0.2,0.99,500000,4790.247571428564,365,1016042,79.5637845993042
0.3,0.99,500000,4613.721857142853,364,1016252,78.4230625629425
0.7,0.99,500000,4374.353571428567,367,1014524,77.43992948532104
0.8,0.99,500000,4337.047285714289,370,1039958,75.8907470703125
0.3,0.99,500000,4715.720285714279,366,1021018,79.1105751991272
0.4,0.99,500000,4613.800571428567,367,1020220,76.76040959358215
0.8,0.99,500000,4355.5172857142825,368,1029460,77.14722895622253
0.9,0.99,500000,4265.831142857142,369,1025586,76.157142162323
0.4,0.99,500000,4578.080142857143,367,1031438,76.76967597007751
0.5,0.99,500000,4567.855857142854,368,1021052,76.25825476646423
0.9,0.99,500000,4336.917571428577,372,1055614,76.38044929504395
1.0,0.99,500000,4202.572428571425,440,1133922,76.77317881584167
1.0,0.99,5000000,4143.728857142848,438,1136354,711.9179019927979
0.6,0.99,500000,4435.0989999999965,364,1025984,74.79696202278137
0.5,0.99,500000,4608.877571428568,367,1018054,76.43655157089233
1.0,0.99,500000,4173.678714285711,421,1084224,75.40784788131714
1.0,0.99,5000000,4279.107857142861,442,1051980,745.1064455509186
0.0,0.99,500000,5149.513285714287,365,1025524,87.39488220214844
0.7,0.99,500000,4402.310714285709,369,1024334,74.85546803474426
0.6,0.99,500000,4506.193999999998,367,1011820,74.96246862411499
0.0,0.99,500000,5216.754428571433,367,1021156,82.99314332008362
0.0,0.99,1000000,5098.041428571426,368,1015446,168.44631004333496
0.1,0.99,500000,5127.535571428579,365,1018002,83.6339681148529
0.8,0.99,500000,4282.253714285717,369,1034004,74.56378149986267
0.7,0.99,500000,4425.810428571422,369,1016378,74.2272355556488
0.1,0.99,500000,4963.851142857141,370,1013216,80.32235145568848
0.0,0.99,1000000,5094.935428571427,368,1021054,168.8295783996582
0.9,0.99,500000,4352.999142857146,374,1048656,73.30177116394043
0.8,0.99,500000,4425.378714285716,369,1044264,76.03176021575928
0.2,0.99,500000,4831.812999999997,371,1024642,83.09245300292969
0.2,0.99,500000,4799.464428571428,366,1015096,79.77615594863892
1.0,0.99,500000,4216.08742857142,496,1100780,75.12683629989624
0.1,0.99,1000000,5123.02414285714,365,1012916,165.4365155696869
0.9,0.99,500000,4301.721857142855,370,1028628,75.33117961883545
0.3,0.99,500000,4805.9314285714245,365,1019480,80.83708930015564
0.3,0.99,500000,4640.519428571423,369,1028520,77.69309496879578
0.1,0.99,1000000,5163.004142857151,362,1021114,160.58547711372375
1.0,0.99,500000,4170.881571428566,413,1084748,75.32988333702087
0.4,0.99,500000,4521.650285714282,368,1034122,79.74459767341614
0.4,0.99,500000,4567.296428571422,367,1011812,77.36325716972351
0.0,0.99,1000000,5198.585999999994,360,1016000,159.40033340454102
0.2,0.99,1000000,4936.138142857142,366,1012352,165.7297842502594
0.5,0.99,500000,4514.7274285714275,367,1023416,80.12082242965698
0.5,0.99,500000,4579.683142857145,368,1019516,77.2631607055664
0.2,0.99,1000000,4873.243999999999,362,1010156,167.1348626613617
0.0,0.99,1000000,5182.8338571428585,366,1035488,165.04744172096252
0.6,0.99,500000,4616.181571428566,370,1019014,78.01767635345459
0.6,0.99,500000,4444.878857142853,371,1022788,74.20766830444336
0.1,0.99,1000000,4958.009142857142,364,1025538,162.52665972709656
0.3,0.99,1000000,4738.3984285714205,362,1016798,159.4316008090973
0.7,0.99,500000,4382.445857142855,369,1029680,78.51162099838257
0.7,0.99,500000,4408.431857142853,369,1034092,75.73836469650269
0.3,0.99,1000000,4768.382428571422,366,1014004,159.37491941452026
0.8,0.99,500000,4345.361999999994,370,1027652,76.01708817481995
0.1,0.99,1000000,5127.837,364,1025734,163.71055245399475
0.8,0.99,500000,4393.3372857142795,372,1048352,75.36425948143005
0.2,0.99,1000000,4907.776857142856,362,1011762,155.35336828231812
0.9,0.99,500000,4309.92042857143,367,1023312,78.30613374710083
0.4,0.99,1000000,4591.329999999993,363,1013406,159.12596678733826
0.9,0.99,500000,4352.897857142852,369,1023866,74.80223059654236
0.4,0.99,1000000,4639.536999999997,363,1029226,161.59261894226074
1.0,0.99,500000,4137.862714285712,418,1118340,75.91553711891174
0.2,0.99,1000000,4767.07357142857,362,1014776,154.96908855438232
1.0,0.99,500000,4256.895142857136,440,1119410,75.8927276134491
0.3,0.99,1000000,4809.388571428571,361,1016812,161.681804895401
0.5,0.99,1000000,4482.268285714285,365,1022496,155.93735480308533
0.5,0.99,1000000,4601.169428571424,363,1035728,154.88142085075378
0.3,0.99,1000000,4706.791428571422,362,1008104,156.40798377990723
0.0,0.99,1000000,5086.801285714291,366,1017076,165.6834306716919
0.0,0.99,1000000,5268.226000000008,359,1024838,161.4401707649231
0.4,0.99,1000000,4652.003714285714,364,1015732,154.88692784309387
0.6,0.99,1000000,4434.420857142862,361,1023896,155.08730244636536
0.6,0.99,1000000,4446.266428571423,362,1025662,152.31118607521057
0.4,0.99,1000000,4645.21485714285,363,1023582,152.0976619720459
0.1,0.99,1000000,5069.1361428571445,364,1013744,165.41298913955688
0.1,0.99,1000000,4992.3074285714265,363,1021236,157.46549248695374
0.5,0.99,1000000,4486.9978571428555,363,1019846,149.7804446220398
0.7,0.99,1000000,4376.107857142856,363,1026380,150.61838793754578
0.7,0.99,1000000,4422.517714285715,365,1013366,151.05359363555908
0.5,0.99,1000000,4503.655571428563,365,1030026,152.38018798828125
0.2,0.99,1000000,4770.374857142857,361,1022998,160.02887177467346
0.2,0.99,1000000,4978.702714285713,361,1026926,161.95690989494324
0.6,0.99,1000000,4442.415428571421,363,1034750,144.55223274230957
0.8,0.99,1000000,4424.060142857136,365,1021208,150.72941040992737
0.8,0.99,1000000,4335.210142857139,367,1038004,152.09469318389893
0.6,0.99,1000000,4562.739142857139,360,1009148,149.4291214942932
0.0,0.99,500000,5185.751428571424,368,1018118,82.05215001106262
0.3,0.99,1000000,4719.3531428571405,362,1019574,158.3208110332489
0.3,0.99,1000000,4760.298857142855,362,1007202,151.18449544906616
0.7,0.99,1000000,4397.962142857139,363,1027902,146.36695623397827
0.9,0.99,1000000,4353.419857142856,366,1018728,152.1949164867401
0.1,0.99,500000,4910.670000000006,367,1016034,79.79933094978333
0.0,0.99,500000,5217.870000000007,367,1033076,83.32902336120605
0.9,0.99,1000000,4364.032999999996,366,1014108,151.1259093284607
0.7,0.99,1000000,4441.027857142857,365,1023434,146.05642175674438
0.2,0.99,500000,4864.32657142857,365,1010030,80.23031449317932
0.4,0.99,1000000,4587.968142857142,366,1020570,155.67504477500916
0.4,0.99,1000000,4595.851857142866,362,1031110,152.04546570777893
0.8,0.99,1000000,4366.161714285716,364,1005816,146.40176939964294
0.1,0.99,500000,5034.833142857142,366,1014334,82.39268207550049
1.0,0.99,1000000,4185.3617142857065,421,1077876,147.71499729156494
0.3,0.99,500000,4729.309714285711,369,1028090,78.20488429069519
0.8,0.99,1000000,4371.612714285717,363,1021328,144.33631944656372
0.2,0.99,500000,4881.724571428566,364,1009020,78.77700972557068
1.0,0.99,1000000,4263.994571428571,428,1122436,149.378723859787
0.4,0.99,500000,4672.350857142851,367,1020210,78.70465135574341
0.5,0.99,1000000,4449.371571428566,367,1020292,151.83352708816528
0.9,0.99,1000000,4269.657142857142,371,1037840,146.50622296333313
0.5,0.99,1000000,4543.493999999997,359,1007788,150.94823718070984
0.3,0.99,500000,4717.335142857139,367,1012266,78.4733293056488
0.0,0.99,500000,5314.864714285723,364,1029264,78.8786997795105
0.5,0.99,500000,4626.320999999996,368,1029238,76.66628980636597
0.9,0.99,1000000,4329.15014285714,366,1025152,145.21837711334229
0.4,0.99,500000,4604.91257142857,367,1027976,77.7228512763977
0.1,0.99,500000,4920.831857142859,368,1016574,78.32160687446594
0.6,0.99,500000,4487.291285714286,366,1018922,75.80896306037903
1.0,0.99,1000000,4111.909999999997,439,1131202,143.95072031021118
0.6,0.99,1000000,4484.090857142853,365,1032094,154.3794424533844
0.6,0.99,1000000,4551.217285714281,366,1018258,149.21634149551392
0.5,0.99,500000,4519.884428571428,368,1028430,75.77048015594482
0.2,0.99,500000,4763.241571428567,364,1018490,78.19027900695801
0.7,0.99,500000,4381.479428571424,370,1036664,75.09645438194275
1.0,0.99,1000000,4137.668571428562,436,1105928,143.75971865653992
0.6,0.99,500000,4416.371714285707,366,1015954,75.63338875770569
0.3,0.99,500000,4739.302999999995,364,1013638,76.50104355812073
0.8,0.99,500000,4365.295571428572,369,1024908,75.0716278553009
0.7,0.99,1000000,4457.062428571427,364,1012958,147.7803716659546
0.7,0.99,1000000,4411.966714285708,363,1024252,153.8194875717163
0.7,0.99,500000,4419.165428571426,371,1033430,75.34381151199341
0.4,0.99,500000,4625.835142857141,368,1019704,73.77143430709839
0.9,0.99,500000,4305.697571428569,367,1032696,73.83511567115784
0.0,0.99,3000000,5317.190428571436,353,1022240,516.7342460155487
0.8,0.99,500000,4343.049999999991,368,1025950,76.48422765731812
0.5,0.99,500000,4523.60314285714,363,1031424,75.76327776908875
1.0,0.99,500000,4121.632714285708,422,1100338,73.88100624084473
0.0,0.99,3000000,5294.299857142856,356,1041772,493.3917064666748
0.8,0.99,1000000,4318.344857142848,366,1025890,143.6980276107788
0.8,0.99,1000000,4412.03642857142,368,1028458,151.94301080703735
0.9,0.99,500000,4292.144857142852,376,1049376,74.19654130935669
0.6,0.99,500000,4442.681714285708,366,1013922,72.96058392524719
1.0,0.99,500000,4201.141999999996,413,1069980,73.30083274841309
0.7,0.99,500000,4389.6467142857155,369,1026612,72.71884512901306
0.0,0.99,1000000,5074.233428571434,366,1017676,161.5089590549469
0.9,0.99,1000000,4335.213285714284,365,1021576,148.8127748966217
0.9,0.99,1000000,4294.06085714285,367,1032894,152.0314314365387
0.8,0.99,500000,4318.256571428566,373,1050492,73.57583928108215
0.0,0.99,3000000,5278.890571428578,355,1027886,479.4709188938141
0.9,0.99,500000,4293.58414285714,374,1044084,72.30524706840515
0.0,0.99,1000000,5239.694857142859,363,1015666,158.7044620513916
0.0,0.99,3000000,5277.970714285718,360,1018784,477.8677816390991
1.0,0.99,1000000,4109.358571428565,448,1107448,144.52137780189514
0.1,0.99,1000000,5101.340714285713,361,1018232,156.49560022354126
1.0,0.99,1000000,4154.955571428563,443,1113610,150.56723070144653
1.0,0.99,500000,4225.624857142858,433,1112104,71.9626293182373
0.1,0.99,1000000,5116.9008571428585,365,1020858,156.97333645820618
0.1,0.99,3000000,5239.062,353,1020744,490.1987261772156
0.2,0.99,1000000,4865.950571428569,364,1022372,157.6660442352295
0.0,0.99,1000000,5300.001428571438,366,1027996,162.0214614868164
0.1,0.99,3000000,5062.371714285714,350,1032186,499.5754463672638
0.2,0.99,1000000,4920.14228571429,362,1013682,154.14715600013733
0.3,0.99,1000000,4729.873142857143,363,1011164,151.5438253879547
0.1,0.99,1000000,5009.629857142859,363,1016578,155.80315971374512
0.1,0.99,3000000,4906.744857142859,352,1022252,464.2129216194153
0.0,0.99,500000,5026.261000000001,364,1013104,81.55983901023865
0.3,0.99,1000000,4875.0855714285735,364,1013962,156.05760407447815
0.1,0.99,3000000,5137.774000000009,359,1018532,471.6422908306122
0.4,0.99,1000000,4698.44928571428,361,998720,150.56003069877625
0.0,0.99,3000000,5314.07271428572,350,1024622,477.296110868454
0.2,0.99,1000000,4910.573428571429,360,1019792,150.16754126548767
0.1,0.99,500000,4895.57342857142,363,1012388,80.98644590377808
0.0,0.99,3000000,5214.447428571431,350,1020786,496.4413092136383
0.4,0.99,1000000,4679.564428571427,359,1015900,152.8609118461609
0.2,0.99,500000,4771.396142857137,366,1014746,78.7999746799469
0.5,0.99,1000000,4517.081571428567,364,1033428,149.31600832939148
0.2,0.99,3000000,4898.257714285714,360,1015678,480.0466833114624
0.3,0.99,1000000,4787.810571428574,359,1011504,151.21398210525513
0.0,0.99,500000,5151.855428571425,366,1010478,81.34023070335388
0.3,0.99,500000,4704.160571428576,367,1014036,76.76190686225891
0.2,0.99,3000000,5078.642571428573,357,1012164,487.8483769893646
0.1,0.99,500000,5051.118428571426,369,1017318,80.69142627716064
0.5,0.99,1000000,4466.537428571419,367,1042038,150.0862157344818
0.4,0.99,500000,4615.210428571425,366,1018366,78.16521215438843
0.6,0.99,1000000,4495.636285714291,363,1024414,149.01710319519043
0.4,0.99,1000000,4636.189428571426,365,1014334,149.26637244224548
0.2,0.99,500000,4830.952428571429,364,1021702,79.96838712692261
0.2,0.99,3000000,4932.437142857142,353,1026436,460.37856459617615
0.5,0.99,500000,4489.247428571429,369,1022004,76.44984817504883
0.6,0.99,1000000,4380.963285714283,366,1038006,152.05469608306885
0.3,0.99,500000,4659.793285714281,369,1021112,79.15666127204895
0.6,0.99,500000,4458.688428571423,369,1025756,75.39665651321411
0.2,0.99,3000000,4874.7737142857095,357,1020806,462.54122138023376
0.7,0.99,1000000,4355.118285714284,365,1024784,146.6833040714264
0.5,0.99,1000000,4562.021999999999,364,1022062,148.54313373565674
0.1,0.99,3000000,5046.767571428572,357,1017052,471.84706687927246
0.4,0.99,500000,4590.85814285714,363,1028842,75.42281103134155
0.7,0.99,500000,4376.564857142862,370,1035446,74.23514652252197
0.1,0.99,3000000,5180.513428571438,353,1020374,481.7967507839203
0.7,0.99,1000000,4413.913142857141,363,1034304,142.31926131248474
0.5,0.99,500000,4591.821999999997,364,1009510,78.37601208686829
0.8,0.99,500000,4302.9882857142875,373,1042584,74.57639575004578
0.8,0.99,1000000,4370.113714285714,367,1030830,146.01555037498474
0.3,0.99,3000000,4729.2361428571385,359,1013588,461.90901231765747
0.6,0.99,1000000,4480.136428571427,367,1019784,146.7689929008484
0.6,0.99,500000,4548.525571428573,370,1013896,75.70524215698242
0.9,0.99,500000,4363.364999999998,372,1045058,74.87270665168762
0.3,0.99,3000000,4747.238714285715,355,1008086,479.226035118103
0.8,0.99,1000000,4385.888714285708,366,1020188,146.70604968070984
0.7,0.99,500000,4422.956285714283,369,1027840,74.94404006004333
1.0,0.99,500000,4143.014857142857,418,1059738,72.92625117301941
0.9,0.99,1000000,4332.810285714286,366,1031296,145.76691055297852
0.7,0.99,1000000,4421.205571428568,365,1027498,148.85957312583923
0.3,0.99,3000000,4898.023714285714,348,1015580,449.4643759727478
0.8,0.99,500000,4321.208571428572,371,1031884,75.03535604476929
0.9,0.99,1000000,4320.2365714285625,369,1027888,144.9691252708435
0.9,0.99,500000,4246.277857142859,370,1035424,74.37478709220886
1.0,0.99,1000000,4231.863571428573,421,1081046,146.2128415107727
0.0,0.99,1000000,5149.101285714284,363,1030048,162.67610573768616
0.3,0.99,3000000,4866.984285714285,354,1027518,464.29512572288513
0.8,0.99,1000000,4405.220285714283,360,1031088,146.8841257095337
0.2,0.99,3000000,4899.3882857142835,358,1002616,448.1843173503876
1.0,0.99,500000,4161.926428571426,430,1105510,74.24639987945557
1.0,0.99,1000000,4176.106285714287,432,1135070,144.5748393535614
0.2,0.99,3000000,4922.189857142858,358,1011816,479.6061542034149
0.1,0.99,1000000,5020.308285714289,363,1023276,157.52190494537354
0.9,0.99,1000000,4272.1612857142845,366,1037552,143.8126962184906
0.4,0.99,3000000,4624.245999999995,355,1014784,480.46973633766174
0.0,0.99,1000000,5299.518714285708,361,1025018,161.98281955718994
0.4,0.99,3000000,4700.112714285715,358,1020920,456.06800532341003
0.2,0.99,1000000,4940.864999999998,361,1019970,160.21256685256958
1.0,0.99,1000000,4193.851714285715,444,1108796,146.1672444343567
0.4,0.99,3000000,4661.259571428569,361,1012466,447.3952760696411
0.1,0.99,1000000,5168.0282857142865,362,1023714,158.9543023109436
0.4,0.99,3000000,4665.210857142854,361,1012690,446.11717987060547
0.3,0.99,1000000,4780.795428571422,363,1019166,153.12276911735535
0.3,0.99,3000000,4684.550428571424,356,1021468,440.4007387161255
0.0,0.99,3000000,5220.446428571435,361,1026336,489.1270203590393
0.2,0.99,1000000,4869.743142857139,364,1019276,156.78401923179626
0.0,0.99,3000000,5145.666428571434,349,1023738,476.5786998271942
0.3,0.99,3000000,4853.3569999999945,358,1012156,473.9429597854614
0.4,0.99,1000000,4554.326571428571,365,1014710,150.29684901237488
0.5,0.99,3000000,4529.790999999996,360,1003254,463.12236857414246
0.3,0.99,1000000,4687.984142857142,361,1015108,153.71782159805298
0.5,0.99,3000000,4543.496142857133,357,1014044,466.4913635253906
0.5,0.99,1000000,4590.629428571427,363,1025246,149.26833581924438
0.5,0.99,3000000,4563.949428571423,357,1013310,440.0946238040924
0.0,0.99,3000000,5163.885142857141,353,1026018,478.732216835022
0.4,0.99,1000000,4610.009428571424,360,1023212,153.76786041259766
0.5,0.99,3000000,4533.274857142853,353,1016906,437.6758248806
0.4,0.99,3000000,4647.330999999999,358,1014122,437.7021086215973
0.6,0.99,1000000,4452.796428571424,363,1009636,148.4703290462494
0.1,0.99,3000000,5072.9670000000015,357,1025356,464.83095049858093
0.5,0.99,1000000,4494.173142857145,364,1029194,151.44323587417603
0.0,0.99,500000,5122.9162857142865,368,1028564,84.77852892875671
0.4,0.99,3000000,4638.256571428559,358,1011396,459.1618866920471
0.1,0.99,3000000,5130.532142857146,357,1021720,470.1839950084686
0.7,0.99,1000000,4411.101285714286,365,1025886,142.75089645385742
0.1,0.99,500000,5093.195428571432,366,1014236,84.45884132385254
0.6,0.99,3000000,4527.172857142856,363,1017726,457.6318781375885
0.0,0.99,500000,5077.552142857145,366,1026570,88.0835075378418
0.6,0.99,1000000,4471.281857142857,363,1010908,144.69575595855713
0.2,0.99,500000,4847.325999999994,365,1011284,82.36307787895203
0.6,0.99,3000000,4467.619142857143,361,1019678,458.45962262153625
0.8,0.99,1000000,4365.146142857141,365,1044954,147.42135739326477
0.1,0.99,500000,4891.166000000003,366,1012906,83.3582501411438
0.6,0.99,3000000,4519.9881428571325,360,1014956,436.9442973136902
0.3,0.99,500000,4760.268142857145,366,1016184,80.41868877410889
0.1,0.99,3000000,5139.0651428571455,354,1015912,471.0850055217743
0.7,0.99,1000000,4432.319571428576,363,1019088,148.36539721488953
0.2,0.99,500000,4787.980857142851,364,1015504,82.83340454101562
0.6,0.99,3000000,4570.174857142855,358,1017546,434.3376233577728
0.4,0.99,500000,4640.690857142855,365,1020904,81.34787011146545
0.5,0.99,3000000,4531.70571428571,359,1006716,436.17787647247314
0.9,0.99,1000000,4341.854999999996,368,1018036,144.28086495399475
0.3,0.99,500000,4718.009142857145,364,1015556,81.13484334945679
0.2,0.99,3000000,4915.827428571429,349,1007368,463.9045069217682
0.5,0.99,500000,4483.881857142855,369,1029750,80.22457146644592
0.8,0.99,1000000,4346.635285714282,364,1036082,149.4449486732483
0.4,0.99,500000,4667.386142857137,366,1019654,79.97827339172363
0.6,0.99,500000,4421.279714285714,367,1027180,78.55599880218506
1.0,0.99,1000000,4205.944285714286,427,1093740,145.065021276474
0.5,0.99,3000000,4593.908428571425,359,1015334,467.60771441459656
0.2,0.99,3000000,4861.600571428576,352,1029586,475.4167585372925
0.5,0.99,500000,4541.9325714285615,367,1026332,78.53432488441467
0.7,0.99,500000,4414.290000000001,368,1027390,78.20115184783936
0.7,0.99,3000000,4372.493999999997,358,1018490,451.0646300315857
0.0,0.99,500000,5067.983857142851,371,1018424,86.94993543624878
0.9,0.99,1000000,4325.446000000004,367,1039868,142.83642268180847
0.6,0.99,500000,4374.4580000000005,370,1031208,78.68593978881836
0.7,0.99,3000000,4437.796142857142,358,1012200,446.76294231414795
0.8,0.99,500000,4265.817857142849,373,1034042,76.76149463653564
0.7,0.99,3000000,4350.147142857139,359,1019110,427.7705879211426
0.1,0.99,500000,5053.3600000000015,369,1021412,84.30265212059021
0.7,0.99,500000,4398.599285714284,367,1020354,78.0216772556305
1.0,0.99,1000000,4275.205428571428,465,1078372,143.00616145133972
0.9,0.99,500000,4280.527571428565,373,1031654,76.0600311756134
0.2,0.99,3000000,4839.142285714286,357,1016278,462.839640378952
0.2,0.99,500000,4853.849428571429,366,1018340,83.7104218006134
0.7,0.99,3000000,4458.802999999995,363,1021436,442.123318195343
0.8,0.99,500000,4423.767428571422,370,1031894,76.22399044036865
0.6,0.99,3000000,4495.627285714285,358,1022628,431.51932978630066
1.0,0.99,500000,4169.53714285714,439,1107800,78.2925751209259
0.3,0.99,500000,4720.210285714281,365,1022282,82.3556535243988
0.9,0.99,500000,4295.864285714282,371,1049012,79.08390593528748
0.3,0.99,3000000,4780.475857142853,363,1016602,467.54049253463745
0.4,0.99,500000,4651.152714285715,368,1023078,81.18169856071472
0.0,0.99,500000,5117.86828571429,365,1018516,85.77408766746521
1.0,0.99,500000,4180.84757142857,416,1098924,77.18923950195312
0.0,0.99,1000000,5044.705571428582,363,1014586,168.74339842796326
0.6,0.99,3000000,4499.1824285714265,358,1016036,464.5283751487732
0.3,0.99,3000000,4728.3411428571335,360,1015002,456.2044749259949
0.0,0.99,3000000,5255.589571428573,352,1025150,490.81181144714355
0.5,0.99,500000,4510.663714285718,368,1040968,80.51609778404236
0.1,0.99,500000,4898.602285714281,367,1007462,83.74988746643066
0.8,0.99,3000000,4323.114999999996,359,1031652,444.0122604370117
0.8,0.99,3000000,4379.818857142848,360,1035546,442.2018549442291
0.6,0.99,500000,4519.524999999994,367,1016820,78.04826235771179
0.8,0.99,3000000,4402.439285714281,359,1030458,430.5505475997925
0.2,0.99,500000,4864.387428571425,367,1026128,81.71788477897644
0.0,0.99,1000000,5294.930714285713,361,1029384,167.3502962589264
0.1,0.99,1000000,5101.475857142852,360,1016890,163.26209688186646
0.7,0.99,500000,4381.664857142855,370,1041942,78.14098882675171
0.3,0.99,500000,4752.656285714283,368,1023592,80.88749837875366
0.3,0.99,3000000,4706.730999999998,359,1017778,454.1719720363617
0.8,0.99,3000000,4432.33371428571,363,1028064,432.8847019672394
0.7,0.99,3000000,4461.119857142858,359,1013438,421.9417772293091
0.0,0.99,3000000,5225.870000000003,347,1029014,483.8819284439087
0.8,0.99,500000,4342.426857142851,374,1032980,78.41006255149841
0.0,0.99,500000,5237.361571428575,368,1029210,86.37106442451477
0.4,0.99,500000,4663.636142857136,365,1016426,79.44298481941223
0.1,0.99,1000000,4992.857857142859,364,1020520,166.47555327415466
0.2,0.99,1000000,4844.857142857136,363,1016108,162.14197254180908
0.9,0.99,500000,4301.448571428573,371,1039156,77.47219634056091
0.1,0.99,500000,5108.857571428578,367,1022268,83.98126268386841
0.4,0.99,3000000,4653.650000000005,358,1013528,449.06247639656067
0.5,0.99,500000,4562.862571428572,368,1027756,82.49817323684692
1.0,0.99,500000,4132.883714285711,429,1106980,76.72814750671387
0.2,0.99,500000,4822.519000000001,365,1026756,83.46484565734863
0.6,0.99,500000,4503.107428571434,371,1035838,78.37524962425232
0.2,0.99,1000000,4842.667857142859,362,1014772,161.2901966571808
0.4,0.99,3000000,4709.579142857146,358,1011702,449.802410364151
0.7,0.99,3000000,4445.763714285709,363,1028944,463.62798833847046
0.3,0.99,1000000,4834.542428571425,363,1016848,158.779643535614
0.9,0.99,3000000,4327.160857142857,362,1043414,444.09743881225586
0.1,0.99,3000000,5204.527857142856,348,1023942,480.1485958099365
0.7,0.99,500000,4367.4179999999915,373,1019664,78.0006468296051
0.3,0.99,500000,4808.289999999998,367,1012772,81.78701996803284
0.9,0.99,3000000,4314.899571428567,360,1025316,422.2155907154083
0.9,0.99,3000000,4325.463714285708,360,1030346,438.9050040245056
0.0,0.99,1000000,5323.231428571428,359,1023472,170.99839448928833
0.8,0.99,500000,4374.153714285715,369,1021292,75.11407589912415
0.4,0.99,500000,4603.813714285714,369,1025444,79.35048484802246
0.3,0.99,1000000,4706.331571428568,363,1016988,161.37877678871155
0.0,0.99,500000,4977.4668571428565,366,1005364,82.005930185318
0.4,0.99,1000000,4586.365714285712,366,1019560,156.7073974609375
0.9,0.99,3000000,4386.4338571428625,362,1007204,425.7159569263458
0.4,0.99,3000000,4629.444285714285,353,1019150,441.8242826461792
0.8,0.99,3000000,4453.720857142857,362,1006890,423.07288694381714
0.9,0.99,500000,4280.428428571424,370,1036630,73.59963917732239
0.5,0.99,500000,4582.53628571428,366,1012436,76.13488674163818
0.0,0.99,500000,5156.929285714285,368,1023900,84.5896303653717
0.1,0.99,3000000,5093.32942857143,357,1027404,472.0757791996002
0.1,0.99,500000,5068.274714285721,368,1021456,80.78939056396484
1.0,0.99,500000,4209.978285714285,438,1136298,73.11913895606995
0.6,0.99,500000,4459.570142857139,367,1028214,74.62685537338257
0.1,0.99,1000000,4965.6872857142835,359,1013214,162.15926504135132
0.1,0.99,500000,5032.665999999992,365,1026142,84.44581460952759
0.4,0.99,1000000,4581.831428571427,359,1011854,159.66239881515503
0.5,0.99,3000000,4591.368142857139,358,1021328,444.6637363433838
0.2,0.99,500000,4858.984285714287,368,1023106,79.16859340667725
0.5,0.99,1000000,4541.473142857141,366,1018596,156.8743097782135
0.7,0.99,500000,4422.519714285703,370,1028396,74.66424059867859
0.2,0.99,500000,4674.254142857137,366,1016006,82.26929879188538
0.3,0.99,500000,4795.54814285714,368,1008512,78.32869625091553
0.8,0.99,500000,4321.598571428569,373,1031406,74.87932348251343
0.0,0.99,1000000,5135.0358571428615,363,1021056,160.12600135803223
0.2,0.99,1000000,4874.232142857138,365,1033734,160.90495896339417
0.5,0.99,3000000,4595.236142857146,359,1008640,442.9136996269226
0.8,0.99,3000000,4400.665142857134,361,1024538,457.35925340652466
0.5,0.99,1000000,4573.184428571426,366,1017772,155.3751540184021
0.3,0.99,500000,4760.606285714278,367,1031186,82.21183729171753
1.0,0.99,3000000,4164.480857142859,414,1090104,444.6817855834961
0.2,0.99,3000000,5010.279999999998,356,1012302,449.8337905406952
0.4,0.99,500000,4678.533,365,1012852,77.04375505447388
0.6,0.99,1000000,4458.32171428571,365,1009808,154.4117076396942
1.0,0.99,3000000,4239.867857142856,466,1116754,425.9403712749481
0.9,0.99,500000,4242.491714285716,372,1051078,73.95178008079529
1.0,0.99,3000000,4133.614571428571,638,1126264,445.6268582344055
0.4,0.99,500000,4667.895571428561,365,1026424,80.86550045013428
0.5,0.99,500000,4557.442285714286,365,1022088,77.02113509178162
1.0,0.99,500000,4157.53142857143,442,1133476,74.417400598526
0.1,0.99,1000000,5040.527285714295,366,1017834,159.65901446342468
0.3,0.99,1000000,4768.649571428569,366,1018090,153.38251280784607
0.9,0.99,3000000,4387.6291428571385,361,1019964,425.7887830734253
1.0,0.99,3000000,4198.912428571425,443,1111880,433.8074629306793
0.6,0.99,1000000,4501.433428571426,365,1036680,153.52463674545288
0.5,0.99,500000,4568.088285714283,367,1015798,79.34369587898254
0.5,0.99,3000000,4566.394285714285,353,1011212,448.55291295051575
0.6,0.99,500000,4470.763857142855,365,1038302,75.39360046386719
0.7,0.99,1000000,4411.293285714281,365,1021660,154.61611080169678
0.2,0.99,3000000,4916.234285714289,358,1018680,458.25199794769287
0.6,0.99,500000,4383.942285714282,369,1032270,78.98056197166443
0.7,0.99,500000,4407.132714285706,370,1018348,74.91028451919556
0.0,0.99,1000000,5276.689714285711,362,1023128,162.5288016796112
0.4,0.99,1000000,4683.931571428569,361,1019248,149.16936898231506
0.2,0.99,1000000,4902.401714285716,363,1018488,156.35036063194275
0.6,0.99,3000000,4481.0851428571395,357,1023676,434.5661373138428
0.7,0.99,1000000,4366.807285714284,365,1022802,152.1519467830658
0.7,0.99,500000,4374.694571428572,366,1032296,78.34752082824707
0.8,0.99,500000,4409.097142857136,373,1026938,74.80780100822449
0.8,0.99,1000000,4345.0864285714215,363,1033822,151.21713542938232
0.9,0.99,500000,4324.219571428571,371,1023734,74.16014790534973
0.8,0.99,500000,4349.1724285714245,371,1043676,77.5150375366211
0.6,0.99,3000000,4572.556285714281,361,1022038,445.9313545227051
0.5,0.99,1000000,4509.418285714285,360,1033276,147.7712526321411
0.1,0.99,1000000,4999.194142857142,362,1019080,156.81355500221252
0.9,0.99,3000000,4302.103142857145,358,1018482,439.0657458305359
0.3,0.99,1000000,4762.108857142853,362,1017940,157.50612020492554
0.8,0.99,1000000,4322.3641428571445,366,1040568,151.4609637260437
0.3,0.99,3000000,4726.461571428566,357,1013752,450.60042095184326
1.0,0.99,500000,4171.242285714282,417,1084896,74.13970804214478
0.9,0.99,1000000,4287.00485714286,372,1038464,147.89110803604126
0.9,0.99,500000,4314.396857142855,371,1022950,77.56788992881775
1.0,0.99,500000,4168.2715714285605,439,1086512,76.72103643417358
0.6,0.99,1000000,4424.97871428571,364,1033078,146.9578297138214
1.0,0.99,3000000,4215.962285714289,425,1098920,424.72203493118286
0.2,0.99,1000000,4838.309142857145,363,1019158,154.45400547981262
0.4,0.99,1000000,4651.566428571425,362,1019348,149.6432182788849
0.9,0.99,1000000,4284.975285714279,365,1038212,148.49712944030762
0.6,0.99,3000000,4497.697000000003,357,1015390,442.6568491458893
1.0,0.99,1000000,4189.047999999997,413,1094046,149.0696098804474
0.0,0.99,1000000,5144.899428571424,361,1025084,159.5690779685974
0.3,0.99,3000000,4720.604142857138,360,1022690,448.11021184921265
0.7,0.99,1000000,4384.874428571427,363,1021060,146.2022669315338
0.0,0.99,1000000,5207.27257142857,363,1019280,166.29261350631714
0.5,0.99,1000000,4621.721571428572,361,1011216,148.90473127365112
0.7,0.99,3000000,4415.21285714285,360,1033860,437.5693874359131
0.3,0.99,1000000,4810.697999999999,361,1015924,154.38934183120728
1.0,0.99,1000000,4141.813999999992,521,1134388,148.65816950798035
0.1,0.99,1000000,4929.351999999995,363,1018550,161.25957083702087
0.0,0.99,5000000,5166.52071428572,348,1031282,793.9191873073578
0.0,0.99,5000000,5196.466857142851,352,1031230,834.4250807762146
0.7,0.99,3000000,4459.201571428566,356,1024606,424.14187598228455
0.8,0.99,1000000,4359.786857142855,364,1023096,146.32822132110596
1.0,0.99,3000000,4179.427571428566,477,1089942,440.3465611934662
0.0,0.99,5000000,5163.772571428579,348,1030122,825.3936898708344
0.4,0.99,1000000,4580.280857142851,360,1010180,149.79018211364746
0.6,0.99,1000000,4477.368428571421,363,1033348,152.95091938972473
0.1,0.99,1000000,5065.850714285718,363,1021648,170.83408570289612
0.4,0.99,3000000,4696.622142857137,361,1029954,443.9842255115509
0.2,0.99,1000000,4918.009571428564,364,1006708,155.39806127548218
0.0,0.99,5000000,5300.895142857144,343,1029462,808.4912440776825
0.9,0.99,1000000,4350.958,364,1023172,149.23047137260437
0.7,0.99,1000000,4375.023428571422,363,1018324,143.42445635795593
0.5,0.99,1000000,4547.201857142854,366,1003942,147.76821565628052
0.7,0.99,3000000,4436.024285714285,363,1021364,433.0137813091278
0.2,0.99,1000000,4717.135,365,1018508,163.49617528915405
0.3,0.99,1000000,4806.18671428571,360,1010676,152.98801374435425
0.0,0.99,3000000,5294.228000000009,352,1035704,495.30363368988037
0.4,0.99,3000000,4686.311714285709,359,1024688,452.8965427875519
1.0,0.99,1000000,4140.108857142853,422,1086814,145.2564606666565
0.8,0.99,3000000,4493.6092857142885,359,1014900,431.573278427124
0.8,0.99,1000000,4363.355999999996,362,1021494,144.94381713867188
0.6,0.99,1000000,4444.828428571426,364,1013410,148.6215033531189
0.3,0.99,1000000,4714.379142857141,363,1009112,157.83893132209778
0.4,0.99,1000000,4614.937714285709,356,1007512,153.75727128982544
0.0,0.99,3000000,5213.162714285727,350,1027032,498.9955904483795
0.8,0.99,3000000,4394.845285714288,362,1020844,427.3339898586273
0.9,0.99,1000000,4213.770857142855,369,1037194,148.0704939365387
0.7,0.99,1000000,4455.111999999997,367,1026810,150.49867296218872
0.5,0.99,3000000,4497.40757142857,360,1010440,441.33471417427063
0.0,0.99,5000000,5064.629571428569,350,1033944,783.9348239898682
0.4,0.99,1000000,4693.998857142851,365,1016914,156.66835117340088
0.5,0.99,1000000,4530.787142857143,361,1013748,149.54185104370117
1.0,0.99,1000000,4126.203285714282,435,1135842,143.3568890094757
0.8,0.99,1000000,4341.389142857141,365,1030336,148.03124523162842
0.8,0.99,3000000,4381.556714285708,358,1014620,442.628559589386
0.5,0.99,1000000,4488.844999999997,366,1013680,152.3659119606018
0.6,0.99,1000000,4471.626857142851,361,1013978,147.4288330078125
0.5,0.99,3000000,4492.830000000004,357,1026094,441.05499172210693
0.9,0.99,3000000,4362.962571428568,362,1019678,433.1721017360687
0.1,0.99,3000000,5071.893571428571,356,1033742,485.78871393203735
0.1,0.99,5000000,5105.6357142857205,347,1016450,798.431634426117
0.9,0.99,1000000,4301.000714285709,367,1027446,144.41942644119263
0.0,0.99,3000000,5273.102714285716,360,1025114,496.21139097213745
0.1,0.99,5000000,5129.671571428575,348,1015590,825.9781155586243
0.6,0.99,1000000,4512.227,364,1020520,152.93495321273804
0.1,0.99,5000000,5025.093571428569,346,1017008,815.5279705524445
0.7,0.99,1000000,4507.035714285713,368,1011752,147.92956733703613
0.0,0.99,5000000,5266.780571428572,354,1021382,826.3578169345856
0.9,0.99,3000000,4344.245285714284,359,1021354,430.63717794418335
0.1,0.99,5000000,5178.054142857143,350,1029688,786.2164237499237
0.1,0.99,3000000,4922.330857142855,356,1014856,497.1557457447052
1.0,0.99,1000000,4202.0614285714255,461,1147974,144.20979189872742
0.6,0.99,3000000,4539.526999999994,358,1028374,438.28886675834656
0.7,0.99,1000000,4431.07414285714,366,1026210,153.79607367515564
0.8,0.99,1000000,4326.795142857144,366,1021744,145.50051355361938
0.9,0.99,3000000,4337.159571428569,362,1023010,433.3516538143158
0.0,0.99,3000000,5100.245428571431,358,1018132,470.0811755657196
0.8,0.99,1000000,4371.223714285709,366,1027778,156.81575083732605
0.9,0.99,1000000,4380.086857142853,367,1024710,143.80923461914062
0.6,0.99,3000000,4445.820142857138,360,1031652,436.26970911026
1.0,0.99,3000000,4238.14757142857,437,1104660,429.16248631477356
0.2,0.99,3000000,4925.497428571429,359,1016800,493.39436888694763
0.1,0.99,3000000,4992.336428571432,354,1024612,473.44403433799744
1.0,0.99,3000000,4202.313428571425,551,1110568,425.26665568351746
1.0,0.99,1000000,4169.523714285713,560,1137318,144.37454891204834
0.9,0.99,1000000,4291.642428571428,367,1032880,151.42069053649902
0.1,0.99,5000000,5162.589285714291,350,1016068,798.6893303394318
0.7,0.99,3000000,4404.4444285714335,358,1017570,428.0220215320587
0.2,0.99,3000000,4882.099999999999,353,1012712,496.9688184261322
0.0,0.99,3000000,5127.242428571438,355,1019074,481.13903999328613
1.0,0.99,1000000,4215.071857142857,425,1077878,152.8332953453064
1.0,0.99,3000000,4125.105714285711,482,1120928,430.49513936042786
0.2,0.99,5000000,4869.237285714285,355,1017966,754.6238114833832
0.1,0.99,3000000,4937.374857142853,355,1019148,460.17250084877014
0.2,0.99,5000000,4889.046285714289,352,1015318,784.8103613853455
0.7,0.99,3000000,4462.415428571431,358,1033496,437.78422236442566
0.2,0.99,5000000,4865.380714285716,358,1015966,811.802107334137
0.2,0.99,5000000,4990.485428571433,350,1034900,767.0152955055237
0.1,0.99,5000000,4992.5014285714315,344,1031616,840.4638841152191
0.3,0.99,3000000,4729.4347142857105,358,1006302,473.87443351745605
0.2,0.99,3000000,4866.044857142854,357,1016088,468.61174726486206
0.0,0.99,3000000,5165.686428571433,356,1021714,477.81019592285156
0.8,0.99,3000000,4350.296857142855,362,1019466,440.1684498786926
0.3,0.99,3000000,4801.44028571429,360,1021350,471.85963010787964
0.1,0.99,3000000,5092.687857142861,358,1023356,481.84650349617004
0.0,0.99,3000000,5186.113000000011,353,1028188,498.3538258075714
0.0,0.99,5000000,5144.430714285715,354,1019988,804.6877408027649
0.2,0.99,3000000,4861.141857142856,355,1011888,452.5569341182709
0.8,0.99,3000000,4509.092571428573,361,1026058,419.5110192298889
0.2,0.99,5000000,4905.533285714296,354,1015966,754.4501216411591
0.0,0.99,5000000,5256.843142857147,357,1021790,785.5241456031799
0.4,0.99,3000000,4611.415714285705,357,1012420,466.2039473056793
0.3,0.99,3000000,4701.73285714285,358,1016384,449.07764530181885
0.9,0.99,3000000,4323.013142857136,359,1034362,426.5188810825348
0.1,0.99,3000000,5091.5740000000005,358,1014638,477.7403633594513
0.3,0.99,5000000,4716.788000000002,352,1013942,748.4782617092133
0.0,0.99,5000000,5257.242142857144,350,1025494,809.3244092464447
0.4,0.99,3000000,4721.875285714285,359,1007942,458.6735498905182
0.2,0.99,3000000,4920.642142857144,357,1023420,467.2447941303253
0.3,0.99,5000000,4737.171142857148,354,1019080,788.7695128917694
0.3,0.99,5000000,4834.879285714281,351,1013016,735.8008844852448
0.3,0.99,5000000,4763.296142857139,357,1011078,774.3460085391998
0.1,0.99,3000000,5233.015999999999,355,1030492,497.36599612236023
0.9,0.99,3000000,4347.5052857142855,359,1029170,424.1814875602722
0.3,0.99,3000000,4713.40228571428,356,1019970,459.59987115859985
0.2,0.99,5000000,4933.493142857143,351,1014986,793.7621974945068
0.5,0.99,3000000,4522.866000000004,361,1010006,460.1471014022827
0.4,0.99,3000000,4637.485999999994,357,1019138,458.68253898620605
1.0,0.99,3000000,4162.208999999997,447,1102224,429.0463948249817
0.2,0.99,3000000,4870.28771428571,354,1011972,461.71389412879944
0.5,0.99,3000000,4562.387714285711,354,1019230,456.9864184856415
0.1,0.99,5000000,5070.837428571429,348,1007738,810.7388389110565
0.3,0.99,5000000,4770.437857142849,354,1020158,736.5973832607269
0.3,0.99,3000000,4653.828285714276,357,1022180,446.1228165626526
0.1,0.99,5000000,4975.094857142855,353,1010870,782.4325277805328
1.0,0.99,3000000,4233.4564285714305,519,1090904,427.87528109550476
0.4,0.99,3000000,4668.170857142853,360,1014504,444.33931946754456
0.2,0.99,3000000,4818.813285714277,357,1018442,474.693058013916
0.4,0.99,5000000,4662.987999999997,357,1012912,750.5888884067535
0.5,0.99,3000000,4597.94957142857,356,1008260,443.49134039878845
0.6,0.99,3000000,4490.971428571426,351,1011402,448.9992096424103
0.1,0.99,5000000,5084.986571428574,350,1015246,796.846798658371
0.4,0.99,5000000,4662.1237142857135,348,1020496,745.9431898593903
0.4,0.99,5000000,4726.4441428571345,354,1021278,764.2366414070129
0.3,0.99,3000000,4688.930571428562,357,1020224,460.2278633117676
0.4,0.99,5000000,4706.936285714289,352,1027016,774.3603720664978
0.6,0.99,3000000,4482.364714285713,355,1022202,450.2779321670532
0.4,0.99,3000000,4608.249142857147,356,1027078,445.1098816394806
0.3,0.99,5000000,4687.31957142857,351,1010288,789.857421875
0.5,0.99,3000000,4505.944285714285,361,1019506,442.05290126800537
0.3,0.99,3000000,4753.996428571429,353,1026942,474.25574469566345
0.0,0.99,5000000,5189.892714285721,352,1026000,802.5299453735352
0.6,0.99,3000000,4453.652428571424,363,1011910,437.54874992370605
0.4,0.99,5000000,4663.707714285709,353,1007830,744.892870426178
0.7,0.99,3000000,4479.93171428571,362,1022240,443.60344886779785
0.2,0.99,5000000,4803.807857142852,357,1016818,767.3006412982941
0.2,0.99,5000000,4885.61242857143,351,1015954,755.9799218177795
0.4,0.99,3000000,4628.286142857139,360,1024432,454.1642153263092
0.0,0.99,5000000,5291.175714285716,348,1019404,808.3141708374023
0.7,0.99,3000000,4382.701142857139,363,1033318,452.6058599948883
0.5,0.99,3000000,4527.624428571425,359,1017140,449.67344999313354
0.5,0.99,5000000,4560.580999999997,349,1011668,726.9820826053619
0.6,0.99,3000000,4463.608285714277,356,1011866,439.3702561855316
0.4,0.99,3000000,4741.857428571424,359,1021584,469.5509283542633
0.2,0.99,5000000,4906.757857142858,341,1020286,759.5590343475342
0.5,0.99,5000000,4473.546857142862,356,1021194,724.1182746887207
0.5,0.99,5000000,4527.9691428571405,356,1015834,746.3787477016449
0.5,0.99,5000000,4625.435571428574,350,1022944,757.5013308525085
0.7,0.99,3000000,4414.602714285711,363,1014950,429.6969792842865
0.8,0.99,3000000,4427.367571428561,361,1025956,456.11114478111267
0.4,0.99,5000000,4710.637571428574,357,1013144,773.4041016101837
0.5,0.99,3000000,4551.5427142857125,355,1023770,439.4596908092499
0.8,0.99,3000000,4374.60657142857,365,1020476,437.40850806236267
0.6,0.99,3000000,4393.512142857144,363,1030494,437.1651406288147
0.7,0.99,3000000,4404.590142857139,363,1039414,428.1942343711853
0.5,0.99,5000000,4468.364571428567,358,1023534,704.361115694046
0.1,0.99,5000000,5082.7799999999925,350,1025368,792.4417543411255
0.5,0.99,3000000,4608.3219999999965,355,1024266,462.61715149879456
0.3,0.99,5000000,4751.125999999997,351,1009720,760.1678366661072
0.3,0.99,5000000,4636.775142857146,350,1018140,755.5223777294159
0.8,0.99,3000000,4447.207857142856,361,1006172,432.9783184528351
0.9,0.99,3000000,4314.769142857139,362,1020162,445.831237077713
0.1,0.99,5000000,5154.016571428578,351,1025288,796.6525974273682
0.6,0.99,5000000,4465.001714285713,359,1017296,729.00643491745
0.6,0.99,3000000,4494.082285714281,361,1019534,449.84814739227295
0.7,0.99,3000000,4408.274428571429,360,1025300,429.8460865020752
0.9,0.99,3000000,4372.949285714281,362,1020268,442.0965664386749
0.6,0.99,5000000,4501.901428571428,355,1016312,726.2681007385254
0.3,0.99,5000000,4675.833714285708,356,1018912,764.4198117256165
0.6,0.99,5000000,4592.941714285714,351,1018244,740.1583604812622
0.8,0.99,3000000,4319.848857142854,360,1031036,427.66495013237
0.6,0.99,5000000,4461.031571428572,357,1031304,748.8392431735992
0.6,0.99,3000000,4463.80071428571,360,1006746,453.594703912735
0.5,0.99,5000000,4554.580714285709,359,1021016,748.9639325141907
0.9,0.99,3000000,4344.808142857139,359,1018958,433.10511660575867
1.0,0.99,3000000,4177.064714285714,421,1110146,455.13568902015686
0.7,0.99,3000000,4476.121999999997,361,1014054,433.58224534988403
0.6,0.99,5000000,4505.082857142851,355,1011552,704.5067603588104
0.8,0.99,3000000,4403.475285714278,362,1015024,427.96692085266113
1.0,0.99,3000000,4152.896428571427,554,1123016,443.19288301467896
0.2,0.99,5000000,4896.514428571435,350,1024758,759.4982810020447
0.4,0.99,5000000,4626.760142857139,353,1021318,746.6900894641876
0.9,0.99,3000000,4322.119571428566,362,1024608,429.4881956577301
0.4,0.99,5000000,4593.593714285713,360,1017604,734.529922246933
0.7,0.99,5000000,4450.7787142857105,359,1034614,728.1126215457916
0.7,0.99,3000000,4400.910142857136,362,1023998,465.9282886981964
0.2,0.99,5000000,4959.521428571428,349,1026772,772.4461619853973
1.0,0.99,3000000,4170.633714285714,458,1110744,428.55008578300476
0.7,0.99,5000000,4466.381285714288,358,1014826,719.7477831840515
0.8,0.99,3000000,4342.370285714283,362,1042158,426.35100865364075
0.4,0.99,5000000,4571.959142857139,358,1014530,747.8951861858368
0.7,0.99,5000000,4458.621714285715,359,1027560,763.0321290493011
0.9,0.99,3000000,4367.515428571425,364,1029558,432.9724497795105
0.7,0.99,5000000,4407.388857142859,354,1023134,756.5093848705292
1.0,0.99,3000000,4167.5618571428595,434,1092728,431.20510268211365
0.6,0.99,5000000,4452.265571428566,357,1024400,761.4262223243713
0.7,0.99,5000000,4431.458714285711,356,1017478,703.371668100357
0.8,0.99,3000000,4420.231285714281,363,1019270,441.74168586730957
0.0,0.99,5000000,5269.663714285715,336,1037662,847.6163728237152
0.3,0.99,5000000,4628.044571428568,352,1011742,752.4872052669525
0.9,0.99,3000000,4300.997428571432,358,1036376,426.7609086036682
0.5,0.99,5000000,4493.339142857138,355,1036544,739.6821031570435
0.5,0.99,5000000,4534.8944285714315,357,1017602,731.9832651615143
0.0,0.99,5000000,5274.709428571431,344,1019254,815.5529975891113
1.0,0.99,3000000,4183.324714285708,544,1107836,425.0763518810272
0.8,0.99,5000000,4375.601857142851,356,1027512,724.3338851928711
0.3,0.99,5000000,4777.37185714285,350,1015310,746.9399600028992
0.8,0.99,5000000,4364.146714285706,358,1028942,718.7404193878174
0.0,0.99,5000000,5246.590000000004,339,1050976,789.5052626132965
0.5,0.99,5000000,4495.312714285718,356,1015618,731.2053375244141
0.9,0.99,3000000,4313.004285714282,363,1031580,458.7334797382355
0.8,0.99,5000000,4328.912285714283,358,1035094,748.1993024349213
0.8,0.99,5000000,4387.650857142852,358,1021782,736.2796094417572
1.0,0.99,3000000,4216.474428571427,467,1090708,430.04854464530945
0.0,0.99,5000000,5171.919285714289,349,1028772,798.5954542160034
0.7,0.99,5000000,4395.685571428573,355,1026938,747.437096118927
0.8,0.99,5000000,4370.355285714284,354,1024408,689.8566858768463
0.4,0.99,5000000,4670.399142857146,353,1021126,742.7408788204193
0.6,0.99,5000000,4510.995428571427,358,1021186,731.2056739330292
0.6,0.99,5000000,4470.303571428565,360,1025288,719.8594648838043
0.1,0.99,5000000,4971.738714285724,356,1018832,816.1565163135529
1.0,0.99,3000000,4171.01571428571,434,1097126,436.03825879096985
0.1,0.99,5000000,5097.712571428566,348,1017676,804.8381342887878
0.9,0.99,5000000,4403.733285714284,357,1021222,702.4919362068176
0.0,0.99,5000000,5238.423571428575,350,1022958,822.8074114322662
0.4,0.99,5000000,4762.636285714285,352,1015070,748.6050109863281
0.9,0.99,5000000,4397.829285714278,361,1023924,715.2035582065582
0.1,0.99,5000000,5039.973428571429,352,1015974,785.6992168426514
0.6,0.99,5000000,4543.951571428571,357,1013138,730.8125929832458
0.9,0.99,5000000,4327.533428571424,360,1036650,740.4309530258179
0.9,0.99,5000000,4351.387142857141,358,1030094,743.1645562648773
0.0,0.99,5000000,5293.742000000011,350,1023912,806.4154183864594
0.8,0.99,5000000,4404.556999999999,358,1023798,734.6026566028595
0.9,0.99,5000000,4279.353000000001,356,1017360,702.6816694736481
0.1,0.99,5000000,5167.641714285715,341,1025100,787.8892116546631
0.5,0.99,5000000,4619.662285714284,357,1013604,731.1647882461548
0.7,0.99,5000000,4488.196999999994,356,1013660,711.2624287605286
0.7,0.99,5000000,4429.150142857145,360,1018934,729.5794813632965
1.0,0.99,5000000,4250.754428571426,652,1124044,716.471654176712
0.2,0.99,5000000,4917.840571428569,355,1022526,819.9733817577362
0.0,0.99,5000000,5191.674285714291,351,1017322,831.696063041687
0.2,0.99,5000000,4892.096142857143,347,1030970,792.0222029685974
0.0,0.99,500000,5135.5235714285745,370,1017750,84.09956669807434
0.1,0.99,5000000,5152.956857142862,352,1020490,788.7568516731262
0.5,0.99,5000000,4640.156999999998,352,1012552,714.6864061355591
1.0,0.99,5000000,4157.351285714282,524,1085808,722.9763181209564
0.1,0.99,500000,4956.302857142858,364,1006168,81.41527342796326
0.0,0.99,500000,5143.341285714293,369,1021686,82.25391340255737
0.7,0.99,5000000,4470.344000000002,353,1017330,743.3905718326569
0.2,0.99,500000,4864.317142857145,365,1016532,79.3972384929657
0.2,0.99,5000000,4880.25814285714,358,1018150,763.8308064937592
1.0,0.99,5000000,4159.0408571428525,475,1107028,730.1760075092316
0.1,0.99,500000,5159.914428571425,368,1023986,81.87392354011536
1.0,0.99,5000000,4183.649000000002,409,1115022,732.3476502895355
0.3,0.99,500000,4846.150285714282,365,1021722,80.8156852722168
0.0,0.99,500000,5273.51828571429,366,1008306,85.59255981445312
0.2,0.99,500000,4858.165571428574,368,1038886,81.06189632415771
1.0,0.99,5000000,4182.388285714281,669,1115628,696.1934912204742
0.4,0.99,500000,4712.582428571426,368,1017390,77.26832342147827
0.0,0.99,500000,5162.4101428571485,365,1021166,85.82305860519409
0.9,0.99,5000000,4363.527428571425,363,1020828,727.7276327610016
0.1,0.99,500000,4851.680714285712,366,1013658,82.76043438911438
0.3,0.99,500000,4648.292571428563,365,1024528,78.70045232772827
0.1,0.99,5000000,5139.491857142856,351,1023900,793.4894580841064
0.0,0.99,500000,5280.954999999992,358,1019044,86.6535964012146
0.5,0.99,500000,4540.68942857143,366,1018482,75.94468641281128
0.1,0.99,500000,5173.906571428573,367,1022664,84.32223558425903
0.2,0.99,5000000,4841.838142857144,359,1023260,779.4795339107513
0.2,0.99,500000,4954.571571428569,364,1012398,81.28013038635254
0.4,0.99,500000,4685.104857142855,365,1012922,78.70571160316467
0.6,0.99,500000,4393.804571428567,366,1021034,74.8258707523346
0.1,0.99,500000,5007.402142857144,367,1012498,85.73933339118958
0.2,0.99,500000,4870.743000000001,368,1009806,82.47001791000366
0.5,0.99,500000,4520.637999999995,367,1032598,75.86699914932251
0.3,0.99,500000,4753.458857142865,366,1008406,82.32872366905212
0.6,0.99,5000000,4497.596571428572,354,1024104,727.9634265899658
0.8,0.99,5000000,4400.690285714282,353,1023098,724.7273397445679
0.7,0.99,500000,4420.460714285713,368,1032294,74.82782483100891
0.8,0.99,5000000,4406.0499999999965,360,1019938,720.2447998523712
0.2,0.99,500000,4904.252000000003,366,1018790,82.97658586502075
0.3,0.99,500000,4689.493571428577,368,1031694,82.33979940414429
0.6,0.99,500000,4506.968714285722,371,1035032,74.81825661659241
0.4,0.99,500000,4620.232999999996,366,1013686,80.23559617996216
0.8,0.99,500000,4386.270428571427,370,1036380,74.30146646499634
0.3,0.99,500000,4712.164857142852,368,1010016,80.7218611240387
0.4,0.99,500000,4598.747999999998,365,1023502,79.41119861602783
0.7,0.99,500000,4450.904428571426,372,1040618,76.85775136947632
0.5,0.99,500000,4533.978000000005,371,1019806,79.65903496742249
0.9,0.99,500000,4299.587142857138,375,1042172,74.46236157417297
0.4,0.99,500000,4611.679571428561,368,1014930,79.0144875049591
0.5,0.99,500000,4467.311714285707,368,1020662,77.84798812866211
0.3,0.99,5000000,4719.662000000006,354,1014106,792.6036579608917
0.8,0.99,500000,4394.01585714285,372,1027536,75.30032444000244
0.6,0.99,5000000,4511.878142857145,357,1023498,727.9104316234589
0.6,0.99,500000,4434.954999999995,364,1006600,78.65958905220032
1.0,0.99,500000,4174.798285714288,432,1112112,75.98985433578491
0.1,0.99,5000000,5102.934285714285,348,1020312,829.0861556529999
0.5,0.99,500000,4518.941714285713,364,1028670,78.37151169776917
0.3,0.99,5000000,4792.659999999999,347,1016244,813.7124030590057
0.2,0.99,5000000,4794.740714285717,356,1023058,790.9223902225494
0.6,0.99,500000,4514.3401428571415,366,1024266,78.17446231842041
0.9,0.99,500000,4276.550714285714,371,1039430,75.60742354393005
0.7,0.99,500000,4382.657285714285,371,1031254,78.94914221763611
0.6,0.99,500000,4508.091714285715,370,1024596,77.4205961227417
0.8,0.99,5000000,4355.8600000000015,355,1028490,736.406238079071
0.7,0.99,500000,4433.025142857139,366,1015982,78.04172921180725
1.0,0.99,500000,4198.428857142853,447,1104340,73.185537815094
0.8,0.99,500000,4370.562714285714,369,1021444,78.40535020828247
0.0,0.99,1000000,5075.8758571428525,360,1015774,161.60561227798462
0.3,0.99,5000000,4773.905428571423,352,1006928,770.2264416217804
0.7,0.99,500000,4402.256428571434,370,1030254,77.71909642219543
0.8,0.99,500000,4342.721428571426,371,1027650,78.73647618293762
0.9,0.99,500000,4235.323714285709,371,1033228,76.71551728248596
0.8,0.99,500000,4334.031000000002,370,1021066,78.60279560089111
0.9,0.99,500000,4319.111285714282,373,1044072,76.86856245994568
0.0,0.99,1000000,5161.303285714278,362,1025632,164.36029076576233
1.0,0.99,5000000,4218.892571428568,439,1094622,730.6798243522644
1.0,0.99,500000,4141.296714285706,421,1124570,76.14094853401184
0.1,0.99,1000000,4977.081285714286,361,1021788,163.60680532455444
0.9,0.99,500000,4304.348285714284,374,1046870,79.83536624908447
1.0,0.99,500000,4111.546285714278,439,1101436,75.92599582672119
0.2,0.99,5000000,4767.288571428568,354,1018856,764.0483088493347
0.0,0.99,500000,5110.215857142849,365,1014458,86.0002818107605
1.0,0.99,500000,4154.031285714283,402,1103520,75.77156281471252
0.3,0.99,5000000,4669.92514285714,356,1012728,783.1607549190521
0.1,0.99,1000000,4973.351999999998,361,1022818,158.5771667957306
0.1,0.99,500000,5078.135285714292,365,1017366,83.62169241905212
0.0,0.99,1000000,5086.946999999996,363,1022588,167.2879798412323
0.9,0.99,5000000,4303.677857142852,362,1024746,697.4313595294952
0.7,0.99,5000000,4435.127428571427,358,1012534,709.9704904556274
0.2,0.99,1000000,4810.894142857138,362,1014080,156.6525421142578
0.9,0.99,5000000,4379.652857142853,362,1032282,727.9109456539154
0.0,0.99,1000000,5123.4881428571425,363,1028076,165.6328845024109
0.2,0.99,500000,4932.981857142861,367,1018902,82.8042345046997
0.0,0.99,1000000,5213.679857142848,360,1015436,169.0239827632904
0.2,0.99,1000000,4883.495428571431,363,1022744,156.33954167366028
0.3,0.99,500000,4744.232142857141,366,1020292,81.13940906524658
0.1,0.99,1000000,5084.224571428571,364,1018676,164.352472782135
0.3,0.99,1000000,4807.625714285714,362,1010016,154.11768984794617
0.1,0.99,1000000,5154.107428571429,360,1030136,167.2612636089325
0.7,0.99,5000000,4417.4729999999945,361,1023928,718.1429142951965
0.4,0.99,500000,4635.357857142858,367,1016912,80.01093530654907
0.4,0.99,5000000,4541.458857142848,352,1012646,758.558436870575
0.3,0.99,1000000,4695.415999999999,360,1008398,155.02855896949768
0.1,0.99,1000000,5129.19528571429,357,1020292,167.16954493522644
0.5,0.99,500000,4536.530571428573,368,1015728,78.62386703491211
0.4,0.99,1000000,4662.722857142853,365,1012992,155.29331970214844
0.4,0.99,5000000,4520.538142857137,353,1024720,760.2226037979126
0.2,0.99,1000000,4935.331000000005,362,1010776,163.2566773891449
0.3,0.99,5000000,4772.191142857139,358,1009914,768.2810266017914
0.2,0.99,5000000,4943.829571428571,352,1023974,789.8688905239105
0.9,0.99,5000000,4333.1778571428495,362,1030536,718.1968924999237
0.2,0.99,1000000,4898.462142857139,359,1020680,163.1216208934784
0.6,0.99,500000,4421.990857142858,367,1027180,76.90551376342773
0.4,0.99,1000000,4661.159999999999,364,1018648,150.72268843650818
0.2,0.99,1000000,4808.689714285715,359,1008872,161.43108868598938
0.4,0.99,5000000,4562.768428571422,348,1020884,764.4982509613037
0.5,0.99,1000000,4459.156428571434,365,1018486,148.17459106445312
0.7,0.99,500000,4357.95742857143,368,1025824,75.6790246963501
0.3,0.99,1000000,4767.901714285711,360,1020632,161.3885040283203
0.3,0.99,1000000,4727.87228571428,358,1004902,156.14629554748535
0.8,0.99,500000,4350.473857142856,370,1033908,77.17967939376831
0.5,0.99,1000000,4631.927857142854,366,1025584,151.63306617736816
0.3,0.99,1000000,4771.340428571422,364,1015156,159.35559344291687
0.6,0.99,1000000,4493.7969999999905,365,1022936,148.2911627292633
0.9,0.99,500000,4304.44085714285,370,1032350,77.29632043838501
0.4,0.99,1000000,4758.982142857141,365,1008182,155.44952416419983
0.3,0.99,5000000,4759.937000000004,356,1018574,751.109678030014
0.4,0.99,1000000,4643.1359999999995,362,1012570,163.30130863189697
1.0,0.99,500000,4188.550857142861,410,1072448,76.09319925308228
1.0,0.99,5000000,4141.492428571424,619,1148200,712.7613050937653
0.6,0.99,1000000,4429.277142857141,362,1034302,148.42324709892273
0.4,0.99,5000000,4619.310999999996,353,1018900,764.3218357563019
1.0,0.99,5000000,4110.600428571421,613,1104874,700.3833410739899
0.8,0.99,5000000,4393.40228571428,357,1021968,752.6257545948029
0.7,0.99,1000000,4393.38214285714,365,1022196,145.77055406570435
0.4,0.99,1000000,4573.593428571419,362,1011718,155.514098405838
0.5,0.99,1000000,4579.641285714286,365,1027772,156.93529772758484
0.5,0.99,1000000,4544.351571428572,364,1012392,156.2111051082611
0.0,0.99,1000000,5231.749285714288,362,1014372,166.76583456993103
0.7,0.99,1000000,4476.131714285705,365,1018708,146.5164520740509
0.8,0.99,1000000,4402.591142857143,365,1019948,144.53443121910095
0.5,0.99,1000000,4615.914428571429,362,1038016,154.88866567611694
0.6,0.99,1000000,4533.979999999993,361,1016538,154.8652172088623
0.8,0.99,5000000,4421.749714285712,360,1010534,721.0268943309784
0.5,0.99,5000000,4530.121714285712,359,1021994,746.9255175590515
0.6,0.99,1000000,4456.511142857135,366,1024262,151.50837326049805
0.8,0.99,1000000,4392.117714285707,366,1016416,144.30776619911194
0.1,0.99,1000000,5100.246571428569,362,1021300,165.42566633224487
0.9,0.99,1000000,4297.402142857144,364,1016256,145.21338081359863
0.6,0.99,1000000,4426.112428571427,363,1027906,154.97189331054688
0.5,0.99,5000000,4574.822999999996,355,1012368,766.9504318237305
1.0,0.99,5000000,4179.629714285713,502,1099146,737.2411406040192
0.7,0.99,1000000,4418.8182857142865,364,1023186,151.87020540237427
0.3,0.99,5000000,4691.496142857138,349,1016958,783.5189175605774
0.4,0.99,5000000,4769.582285714284,354,1025094,790.4179422855377
0.7,0.99,1000000,4419.004142857136,365,1031772,151.7010555267334
0.9,0.99,1000000,4294.604142857143,367,1030558,144.04096460342407
0.2,0.99,1000000,4899.455857142857,365,1025794,160.70965003967285
1.0,0.99,1000000,4177.2652857142875,457,1079786,142.76797103881836
0.5,0.99,5000000,4631.661714285714,353,1008184,759.814337015152
0.7,0.99,1000000,4480.337714285711,363,1013396,152.63619351387024
0.8,0.99,1000000,4362.5188571428525,367,1036058,151.85888242721558
1.0,0.99,1000000,4131.732999999996,428,1116548,142.25166940689087
0.8,0.99,1000000,4422.953714285709,368,1018978,159.33009457588196
0.3,0.99,1000000,4779.519571428571,365,1007870,157.50240969657898
0.8,0.99,1000000,4334.228571428568,366,1026660,150.32041954994202
0.9,0.99,1000000,4281.596857142857,368,1022996,148.64556884765625
0.4,0.99,5000000,4622.094428571421,347,1020024,761.6575882434845
0.9,0.99,1000000,4389.484857142854,368,1027154,148.76634979248047
0.9,0.99,5000000,4378.429714285709,357,1027894,718.0546078681946
0.5,0.99,5000000,4582.874428571427,360,1017456,758.6501142978668
0.4,0.99,1000000,4624.027142857138,360,1015536,156.36095309257507
0.9,0.99,1000000,4328.744571428573,367,1019362,148.45314478874207
1.0,0.99,1000000,4194.777999999998,424,1084996,150.152898311615
1.0,0.99,1000000,4156.139857142851,428,1119364,150.22469282150269
0.9,0.99,5000000,4331.146999999996,360,1025546,701.7929043769836
0.5,0.99,1000000,4440.633000000001,364,1019772,152.43134546279907
1.0,0.99,1000000,4149.084142857139,433,1106902,154.73020696640015
0.0,0.99,3000000,5168.265999999998,359,1024746,485.57072830200195
0.6,0.99,5000000,4516.089142857141,357,1026614,753.7027659416199
0.0,0.99,3000000,5275.46085714286,354,1015760,480.71219873428345
0.6,0.99,1000000,4501.879714285709,363,1023630,151.23819231987
0.6,0.99,5000000,4440.936000000001,355,1030566,752.3115887641907
0.5,0.99,5000000,4579.350714285717,356,1013360,762.4394764900208
0.4,0.99,5000000,4613.657285714276,352,1008374,768.5760178565979
0.6,0.99,5000000,4541.580714285711,351,1027410,746.310311794281
0.7,0.99,1000000,4399.987714285715,365,1026484,153.87973475456238
0.0,0.99,3000000,5183.532285714295,354,1016260,496.52580070495605
0.0,0.99,3000000,5129.89671428571,353,1032066,492.5566940307617
0.8,0.99,1000000,4404.209285714281,365,1022072,150.94049668312073
0.1,0.99,3000000,5115.046999999995,357,1015506,469.860328912735
0.5,0.99,5000000,4535.668999999999,355,1007704,747.5250115394592
0.0,0.99,3000000,5227.964428571433,347,1021050,501.2435657978058
1.0,0.99,5000000,4251.325285714284,515,1118940,711.58611536026
0.6,0.99,5000000,4569.062999999997,353,1015308,744.552962064743
0.1,0.99,3000000,4974.418571428571,352,1009434,465.3479759693146
0.9,0.99,1000000,4317.4412857142825,367,1018376,146.63953351974487
1.0,0.99,5000000,4179.148000000002,453,1117016,704.7837882041931
1.0,0.99,1000000,4213.2541428571385,441,1118860,148.51095867156982
0.7,0.99,5000000,4443.081142857141,359,1030406,750.1150133609772
0.1,0.99,3000000,5139.793714285716,355,1023234,497.3546760082245
0.7,0.99,5000000,4416.988285714283,358,1017142,741.8667559623718
0.1,0.99,3000000,5157.059285714277,355,1035114,487.8361427783966
0.2,0.99,3000000,4940.295000000004,352,1004888,449.91024351119995
0.6,0.99,5000000,4489.794285714283,357,1028344,750.9488136768341
0.5,0.99,5000000,4515.349,360,1022456,762.9270272254944
0.1,0.99,3000000,5141.236571428569,352,1018518,492.58872413635254
0.2,0.99,3000000,4887.966857142859,360,1020592,445.7371783256531
0.7,0.99,5000000,4444.486999999991,356,1035218,753.8397908210754
0.6,0.99,5000000,4460.1199999999935,357,1030184,727.5267696380615
0.0,0.99,3000000,5239.667714285711,350,1030380,499.1996681690216
0.7,0.99,5000000,4516.052285714282,358,1015950,764.5221848487854
0.2,0.99,3000000,4844.500285714286,354,1005596,476.76057744026184
0.3,0.99,3000000,4716.583142857141,355,1024452,438.79055857658386
0.2,0.99,3000000,4905.021571428571,356,1017764,474.4073886871338
0.3,0.99,3000000,4721.961857142848,363,1011706,442.40012383461
0.2,0.99,3000000,4872.429714285712,355,1009888,497.201865196228
0.8,0.99,5000000,4343.504999999997,358,1017044,760.8378469944
0.8,0.99,5000000,4373.999142857141,358,1020966,758.1671619415283
0.1,0.99,3000000,5184.457285714282,354,1024882,486.1245481967926
0.7,0.99,5000000,4460.746857142854,361,1019850,761.963616847992
0.6,0.99,5000000,4452.893571428573,362,1013424,757.344400882721
0.8,0.99,5000000,4402.093999999997,360,1035430,740.4126763343811
0.4,0.99,3000000,4609.617142857146,360,1015480,428.2335515022278
0.3,0.99,3000000,4809.941142857136,355,1013626,474.5893363952637
0.3,0.99,3000000,4816.092857142861,359,1009296,469.7734513282776
0.4,0.99,3000000,4822.532571428571,357,1030752,433.1147186756134
0.7,0.99,5000000,4450.183857142855,354,1012500,711.9484062194824
0.3,0.99,3000000,4759.90528571429,358,1013386,471.2424395084381
0.8,0.99,5000000,4440.393714285713,360,1018990,749.4755461215973
0.2,0.99,3000000,4952.133714285712,356,1017676,477.6141903400421
0.5,0.99,3000000,4548.321571428569,358,1017288,431.5085082054138
0.4,0.99,3000000,4586.030142857137,360,1011226,468.8299961090088
0.4,0.99,3000000,4666.287285714282,354,1025194,453.4128131866455
0.9,0.99,5000000,4320.898857142852,358,1021066,738.6545979976654
0.5,0.99,3000000,4612.695857142855,355,1015710,440.19281911849976
0.9,0.99,5000000,4357.488285714284,363,1029620,732.3272898197174
0.4,0.99,3000000,4657.903142857144,357,1013712,469.3117163181305
0.8,0.99,5000000,4288.527285714282,361,1037570,747.5997169017792
0.7,0.99,5000000,4427.221714285715,359,1022628,755.2230970859528
0.9,0.99,5000000,4358.62814285714,360,1023532,733.8848924636841
0.8,0.99,5000000,4347.705714285714,358,1021712,698.7533650398254
0.6,0.99,3000000,4447.467142857141,356,1028780,421.43965768814087
0.3,0.99,3000000,4684.290857142861,353,1012914,471.48721075057983
0.5,0.99,3000000,4552.173714285709,359,1024724,468.38922905921936
0.6,0.99,3000000,4436.132571428566,358,1016356,418.5147728919983
0.5,0.99,3000000,4529.230428571427,355,1028354,458.7212989330292
0.9,0.99,5000000,4360.999999999996,360,1034142,744.111001253128
0.5,0.99,3000000,4501.314714285708,357,1011044,450.99433398246765
0.7,0.99,3000000,4391.247285714281,358,1019930,415.54043650627136
1.0,0.99,5000000,4125.129857142855,531,1114556,740.6600224971771
1.0,0.99,5000000,4260.038142857144,659,1070818,731.7085604667664
0.4,0.99,3000000,4555.563285714281,349,1030230,472.1040654182434
0.7,0.99,3000000,4370.372999999997,362,1017340,420.5819489955902
0.9,0.99,5000000,4343.475142857137,358,1021174,731.8318138122559
0.6,0.99,3000000,4438.517428571429,359,1023014,447.94488644599915
0.6,0.99,3000000,4478.729714285709,356,1020890,454.29913663864136
1.0,0.99,5000000,4194.338571428569,723,1124022,739.9099781513214
0.8,0.99,5000000,4371.6449999999995,360,1021370,757.6650152206421
0.9,0.99,5000000,4373.702857142853,364,1027332,709.8986909389496
0.6,0.99,3000000,4529.439285714283,359,1007600,461.3598484992981
0.8,0.99,3000000,4316.631714285705,362,1034108,413.3270606994629
1.0,0.99,5000000,4222.220428571426,528,1086200,719.0128479003906
0.5,0.99,3000000,4479.307571428577,359,1009030,449.95566987991333
0.8,0.99,3000000,4399.90042857143,363,1037018,406.9065115451813
0.7,0.99,3000000,4434.1005714285675,356,1020120,445.46934604644775
0.7,0.99,3000000,4415.259285714285,353,1020562,444.6565685272217
0.7,0.99,3000000,4462.087428571425,358,1007808,435.29585337638855
0.9,0.99,3000000,4353.7759999999935,363,1017626,427.06435656547546
1.0,0.99,5000000,4197.0644285714225,484,1097292,720.435120344162
0.9,0.99,5000000,4407.562142857132,362,1023928,749.2285504341125
0.9,0.99,3000000,4415.262428571427,363,1014500,411.9427487850189
0.6,0.99,3000000,4513.407285714286,357,1021498,450.2030944824219
1.0,0.99,5000000,4203.9239999999945,439,1156190,701.5740625858307
0.8,0.99,3000000,4382.731285714288,361,1017396,449.68001651763916
0.8,0.99,3000000,4362.0948571428535,358,1028082,446.52392411231995
0.8,0.99,3000000,4365.4645714285625,365,1024532,418.1373348236084
1.0,0.99,3000000,4149.08714285714,531,1078016,411.14865040779114
1.0,0.99,3000000,4152.343999999996,469,1102676,408.34261775016785
0.7,0.99,3000000,4357.4387142857095,360,1019338,445.43576431274414
0.9,0.99,3000000,4358.737428571427,359,1020468,448.3679611682892
0.9,0.99,3000000,4343.241714285714,363,1033586,440.1149265766144
0.9,0.99,3000000,4367.274142857142,361,1026530,418.25208926200867
1.0,0.99,5000000,4181.284142857141,650,1095258,735.9974503517151
0.8,0.99,3000000,4322.026714285718,360,1036966,436.1650812625885
1.0,0.99,3000000,4180.2798571428475,501,1128682,435.437246799469
1.0,0.99,3000000,4194.016000000002,426,1105758,434.4051241874695
1.0,0.99,3000000,4159.33471428571,641,1124694,407.53369903564453
0.0,0.99,5000000,5225.059999999999,346,1031970,782.7179856300354
0.0,0.99,5000000,5254.218428571426,347,1012204,782.0286478996277
0.9,0.99,3000000,4360.96171428571,360,1022638,441.1628863811493
1.0,0.99,3000000,4237.767857142854,408,1122432,442.57552433013916
0.0,0.99,5000000,5165.3474285714265,355,1031056,822.1735851764679
0.0,0.99,5000000,5238.7545714285825,345,1030574,812.6236996650696
0.0,0.99,5000000,5267.102285714294,347,1019836,791.7381789684296
0.1,0.99,5000000,5106.195142857147,352,1020384,743.9245569705963
0.1,0.99,5000000,5116.332571428572,348,1027644,770.2202851772308
0.1,0.99,5000000,4969.6309999999985,347,1027912,751.2404062747955
0.2,0.99,5000000,4918.545857142852,351,1013712,745.5529987812042
0.1,0.99,5000000,5021.512142857143,345,1018150,790.4197969436646
0.1,0.99,5000000,5103.452571428566,353,1031792,832.0374503135681
0.0,0.99,5000000,5313.528857142855,337,1031260,849.6115822792053
0.2,0.99,5000000,4816.058857142854,350,1009766,741.8259153366089
0.3,0.99,5000000,4647.443142857141,353,1023634,731.2888255119324
0.2,0.99,5000000,4890.626285714281,350,1027004,747.3497502803802
0.2,0.99,5000000,4945.480857142857,352,1019742,788.0832560062408
0.2,0.99,5000000,4920.048571428573,355,1022438,770.0331571102142
0.3,0.99,5000000,4672.145571428571,356,1020980,745.7698259353638
0.1,0.99,5000000,5028.975000000002,351,1017480,823.318855047226
0.4,0.99,5000000,4619.385285714279,349,1014302,717.6999545097351
0.3,0.99,5000000,4811.7252857142785,353,1027752,727.8533065319061
0.3,0.99,5000000,4720.438142857141,356,1015828,762.7950341701508
0.4,0.99,5000000,4639.57914285714,357,1014266,708.0940790176392
0.3,0.99,5000000,4678.632857142856,351,1024934,762.2904846668243
0.2,0.99,5000000,4862.440142857141,355,1018820,799.5259168148041
0.5,0.99,5000000,4588.012428571429,356,1008962,697.4722158908844
0.4,0.99,5000000,4642.464571428567,351,1011846,718.195760011673
0.5,0.99,5000000,4515.696857142853,360,1007954,723.8802952766418
0.4,0.99,5000000,4608.891000000001,351,1029886,777.7992701530457
0.4,0.99,5000000,4644.170571428568,358,1034922,763.8160514831543
0.3,0.99,5000000,4792.819714285713,350,1010812,773.7072474956512
0.6,0.99,5000000,4455.941571428565,359,1016826,713.9593012332916
0.5,0.99,5000000,4570.514285714282,350,1028098,713.1630816459656
0.6,0.99,5000000,4440.6885714285645,354,1013186,690.9224743843079
0.5,0.99,5000000,4515.974999999997,355,1011622,747.613166809082
0.5,0.99,5000000,4609.492428571426,356,1016846,768.9746837615967
0.4,0.99,5000000,4555.302142857144,346,1025456,771.6449182033539
0.7,0.99,5000000,4412.1884285714195,359,1015988,698.4682943820953
0.6,0.99,5000000,4545.175142857135,352,1007568,707.6998343467712
0.7,0.99,5000000,4409.716142857141,358,1027886,691.1211540699005
0.6,0.99,5000000,4443.13842857142,357,1011766,742.1727290153503
0.6,0.99,5000000,4399.695571428568,356,1015480,754.049665927887
0.5,0.99,5000000,4567.8828571428585,355,1017296,767.2803523540497
0.8,0.99,5000000,4461.909428571431,355,1023586,686.6756150722504
0.7,0.99,5000000,4426.876571428564,357,1026278,705.1489706039429
0.8,0.99,5000000,4363.403428571426,355,1021222,705.1780450344086
0.7,0.99,5000000,4410.565857142858,357,1020678,744.0431597232819
0.7,0.99,5000000,4400.79571428571,360,1019154,741.821296453476
0.6,0.99,5000000,4585.951714285719,358,1031428,744.0963060855865
0.9,0.99,5000000,4355.508285714281,359,1028150,691.407904624939
0.8,0.99,5000000,4388.8488571428525,355,1031968,679.6642005443573
0.9,0.99,5000000,4342.020857142856,358,1032026,688.9790728092194
0.8,0.99,5000000,4383.238999999997,359,1017292,732.4727969169617
0.8,0.99,5000000,4338.036142857143,359,1025230,730.5097336769104
0.7,0.99,5000000,4481.744999999998,358,1019974,746.0633149147034
1.0,0.99,5000000,4209.073142857146,549,1098774,676.9312925338745
0.9,0.99,5000000,4348.48285714286,358,1023662,691.9736039638519
1.0,0.99,5000000,4201.05557142857,449,1089872,696.2607293128967
0.9,0.99,5000000,4331.113999999997,359,1028472,736.2322511672974
0.9,0.99,5000000,4364.431714285713,359,1031804,726.6528363227844
0.8,0.99,5000000,4425.399714285711,359,1025098,733.3480539321899
1.0,0.99,5000000,4210.504857142851,568,1077452,686.8230357170105
1.0,0.99,5000000,4173.463285714288,447,1096880,735.223872423172
1.0,0.99,5000000,4220.988428571421,565,1072110,718.598995923996
0.9,0.99,5000000,4333.714428571426,357,1025172,741.8393790721893
1.0,0.99,5000000,4160.393714285715,532,1071632,726.35973072052
