0.0,0.99,500000,6833.152678571541,214,247248,264.29718112945557
0.0,0.99,500000,6770.423750000084,200,220684,264.9616611003876
0.0,0.99,500000,6933.195000000138,224,251344,271.99326491355896
0.0,0.99,500000,6918.61678571442,214,239626,274.8552436828613
0.0,0.99,500000,6838.249464285827,213,226648,274.5498504638672
0.0,0.99,500000,6839.93767857154,208,227684,275.6657862663269
0.0,0.99,500000,7189.905535714374,221,224790,275.8743839263916
0.0,0.99,500000,6727.743750000106,196,223414,275.6950283050537
0.0,0.99,500000,6916.837500000115,213,226698,278.15207505226135
0.0,0.99,500000,6937.183392857255,217,242804,281.5309600830078
0.0,0.99,500000,6985.813392857306,223,246280,281.96379566192627
0.0,0.99,500000,7106.517321428682,225,246654,282.3635582923889
0.0,0.99,500000,7243.630178571538,212,236260,282.35381054878235
0.0,0.99,500000,6973.998928571532,206,239386,284.7488160133362
0.0,0.99,500000,7000.835178571549,211,221198,285.50015473365784
0.0,0.99,500000,7075.117321428696,201,227278,288.59170961380005
0.0,0.99,500000,7148.867142857246,218,230918,298.5133078098297
0.0,0.99,500000,7141.509107142957,220,248532,305.33025002479553
0.1,0.99,500000,6220.299821428626,209,229234,240.66955280303955
0.1,0.99,500000,6102.54142857149,196,213354,243.31022310256958
0.1,0.99,500000,5812.426071428644,194,204360,232.85936045646667
0.1,0.99,500000,6135.015357142923,216,217806,244.72882103919983
0.1,0.99,500000,6072.304821428653,202,203020,247.96761178970337
0.1,0.99,500000,6273.463035714347,206,222522,252.920254945755
0.1,0.99,500000,6041.67017857151,210,223686,254.24300718307495
0.1,0.99,500000,6275.767500000104,200,223464,256.172883272171
0.1,0.99,500000,6039.721607142931,192,218146,252.2221851348877
0.1,0.99,500000,6046.471607142916,206,218488,253.6169023513794
0.1,0.99,500000,6359.249464285799,205,237006,254.73027920722961
0.1,0.99,500000,6464.980714285782,206,229458,259.9730019569397
0.1,0.99,500000,6379.281250000078,211,232072,262.79032731056213
0.1,0.99,500000,6285.033392857221,209,240100,253.53484749794006
0.1,0.99,500000,6451.513750000063,205,223754,260.66118693351746
0.1,0.99,500000,6239.069464285797,218,233888,263.8490562438965
0.1,0.99,500000,6209.724821428629,219,233276,249.05954551696777
0.1,0.99,500000,6351.827142857223,213,221374,256.7737789154053
0.2,0.99,500000,5364.128035714336,206,205808,219.5195610523224
0.2,0.99,500000,5058.6235714286095,186,194604,214.38418698310852
0.2,0.99,500000,5571.218928571486,199,216142,231.082772731781
0.2,0.99,500000,5564.1555357143325,189,202304,234.8553602695465
0.2,0.99,500000,5596.08267857149,194,217806,233.65205264091492
0.2,0.99,500000,5770.698214285784,204,213882,231.81340718269348
0.2,0.99,500000,5292.327857142892,195,201332,228.78266143798828
0.2,0.99,500000,5476.944285714332,208,210850,228.41704654693604
0.2,0.99,500000,5590.9807142857535,201,211938,232.75269961357117
0.2,0.99,500000,5566.6700000000565,200,203260,230.87413573265076
0.2,0.99,500000,5368.700535714347,192,203908,227.49646258354187
0.2,0.99,500000,5462.649285714325,205,213572,222.96439599990845
0.2,0.99,500000,5454.92946428574,200,201460,231.91730451583862
0.2,0.99,500000,5957.008392857203,210,232202,236.83701586723328
0.2,0.99,500000,5417.200714285782,194,215772,222.42778849601746
0.2,0.99,500000,5791.6221428571935,198,207460,231.40033650398254
0.2,0.99,500000,5549.611250000069,193,201014,239.3034086227417
0.2,0.99,500000,5542.2962500000585,208,208730,244.33472514152527
0.3,0.99,500000,5055.413392857156,196,207082,214.20354652404785
0.3,0.99,500000,4946.972857142892,204,214400,204.77010536193848
0.3,0.99,500000,4857.761071428605,189,199252,211.09580445289612
0.3,0.99,500000,4998.907857142859,195,206070,211.20661306381226
0.3,0.99,500000,4802.758214285744,196,208212,208.20027828216553
0.3,0.99,500000,4825.199642857163,203,200818,206.73738026618958
0.3,0.99,500000,4764.591607142885,199,205600,211.24002361297607
0.3,0.99,500000,4836.902857142879,199,198440,206.11029958724976
0.3,0.99,500000,4801.7383928571735,192,198682,209.95498609542847
0.3,0.99,500000,5061.8826785714455,208,211280,213.5138852596283
0.3,0.99,500000,4982.267500000033,204,200602,215.84001564979553
0.3,0.99,500000,5043.572500000046,194,206634,209.58426904678345
0.3,0.99,500000,5113.175892857171,195,197374,215.17957663536072
0.3,0.99,500000,5277.704107142896,189,200964,219.55651187896729
0.3,0.99,500000,4686.166428571441,195,201058,209.46216106414795
0.3,0.99,500000,4866.895178571457,195,205214,215.58136463165283
0.3,0.99,500000,5117.396071428605,205,212584,215.05417037010193
0.3,0.99,500000,5102.806428571474,201,222870,213.80233693122864
0.4,0.99,500000,4261.939821428578,198,183734,187.57581067085266
0.4,0.99,500000,4173.317321428578,189,186216,191.33717966079712
0.4,0.99,500000,4657.398214285736,199,197354,207.81177163124084
0.4,0.99,500000,4383.019107142859,185,187882,193.41945266723633
0.4,0.99,500000,4468.465892857162,196,197956,200.06133913993835
0.4,0.99,500000,4696.770178571455,199,203726,202.72306323051453
0.4,0.99,500000,4541.778392857162,189,191594,203.73010754585266
0.4,0.99,500000,4410.5878571428575,196,197214,197.94263768196106
0.4,0.99,500000,4313.901607142875,192,189324,191.30421900749207
0.4,0.99,500000,4353.538214285733,191,204432,200.32333946228027
0.4,0.99,500000,4355.024821428592,198,195960,199.95581984519958
0.4,0.99,500000,4520.596607142871,200,203168,197.2368130683899
0.4,0.99,500000,4504.933928571466,198,206840,198.0281982421875
0.4,0.99,500000,4309.7141071428905,197,186822,195.65346336364746
0.4,0.99,500000,4367.098750000014,205,201938,198.44386529922485
0.4,0.99,500000,4465.731964285738,195,197864,202.76777005195618
0.4,0.99,500000,4559.415535714306,182,198254,204.22365617752075
0.4,0.99,500000,4180.417500000007,180,191558,205.38957810401917
0.5,0.99,500000,4040.2316071428554,192,199130,183.77415561676025
0.5,0.99,500000,3923.768035714299,198,200516,180.41226863861084
0.5,0.99,500000,3902.4471428571683,202,187384,186.18144249916077
0.5,0.99,500000,4096.343571428585,198,205482,185.5466969013214
0.5,0.99,500000,4220.755178571448,184,198062,185.60264229774475
0.5,0.99,500000,3860.8323214285847,190,206196,181.007719039917
0.5,0.99,500000,3699.0585714285676,192,184564,180.8300700187683
0.5,0.99,500000,4086.503571428584,201,185534,183.9723768234253
0.5,0.99,500000,3843.2239285714454,201,205630,183.18760132789612
0.5,0.99,500000,4060.4878571428803,197,209420,182.5756232738495
0.5,0.99,500000,4135.068750000012,206,186826,196.68027257919312
0.5,0.99,500000,4046.4794642857205,197,190276,191.01522755622864
0.5,0.99,500000,3935.9762500000174,202,206744,185.33548855781555
0.5,0.99,500000,3865.3030357142843,196,198990,184.45797514915466
0.5,0.99,500000,4061.395,197,191666,187.14078211784363
0.5,0.99,500000,3909.8062500000115,186,177704,186.34117484092712
0.5,0.99,500000,4090.5507142857305,195,191822,188.02866125106812
0.5,0.99,500000,4046.321964285717,194,194620,195.9958221912384
0.6,0.99,500000,3690.091071428581,196,206174,172.53125500679016
0.6,0.99,500000,3886.9621428571454,192,193836,182.1393072605133
0.6,0.99,500000,3585.601964285722,184,178240,175.61629700660706
0.6,0.99,500000,3768.3173214285753,195,191424,179.23006200790405
0.6,0.99,500000,3571.5260714285837,197,194770,173.61885142326355
0.6,0.99,500000,3834.838571428581,198,197614,178.12082147598267
0.6,0.99,500000,3865.9939285714363,193,191072,177.03905200958252
0.6,0.99,500000,3498.357857142849,181,184424,174.69660830497742
0.6,0.99,500000,3939.7480357142936,184,189372,181.7492320537567
0.6,0.99,500000,3584.891785714289,187,188436,177.7948236465454
0.6,0.99,500000,3737.9242857142954,205,208696,178.44828510284424
0.6,0.99,500000,3884.9767857143074,188,187710,181.91415143013
0.6,0.99,500000,3687.2635714285775,196,201832,176.08356308937073
0.6,0.99,500000,3504.2612500000005,193,193802,178.36043334007263
0.6,0.99,500000,3910.036964285733,194,199942,183.8153781890869
0.6,0.99,500000,3627.9991071428744,189,182368,180.06947684288025
0.6,0.99,500000,3747.726964285721,183,183212,179.56327056884766
0.6,0.99,500000,3733.1337500000004,194,188192,182.01414394378662
0.7,0.99,500000,3338.172678571435,198,180278,164.33922696113586
0.7,0.99,500000,3457.249464285712,196,185286,172.97439670562744
0.7,0.99,500000,3420.6583928571426,188,185050,171.4630262851715
0.7,0.99,500000,3417.3316071428662,201,194706,170.75996088981628
0.7,0.99,500000,3430.50339285714,196,201614,178.86379265785217
0.7,0.99,500000,3438.891428571425,198,192376,173.67054224014282
0.7,0.99,500000,3588.3873214285754,199,187458,178.41657423973083
0.7,0.99,500000,3500.945357142859,193,187556,170.95735239982605
0.7,0.99,500000,3517.6544642857116,203,214322,176.08093118667603
0.7,0.99,500000,3564.0117857142977,207,186562,172.8144509792328
0.7,0.99,500000,3359.4983928571446,197,176742,170.58487153053284
0.7,0.99,500000,3484.07285714286,208,209150,174.27568769454956
0.7,0.99,500000,3469.3246428571447,184,178298,173.07925987243652
0.7,0.99,500000,3575.0994642857286,191,185464,174.88938641548157
0.7,0.99,500000,3575.0755357142966,196,193268,175.66452741622925
0.7,0.99,500000,3446.221607142855,196,179890,174.30758810043335
0.7,0.99,500000,3602.7937499999966,198,189668,179.55641841888428
0.7,0.99,500000,3447.0510714285665,205,182558,172.54926800727844
0.8,0.99,500000,3284.7110714285704,194,180372,161.11373233795166
0.8,0.99,500000,3407.6169642857253,194,179384,171.87269639968872
0.8,0.99,500000,3205.218035714284,192,172476,168.474618434906
0.8,0.99,500000,3214.591428571428,188,189146,165.76027941703796
0.8,0.99,500000,3374.688928571422,197,185472,167.56410336494446
0.8,0.99,500000,3237.182321428573,197,201562,165.8915684223175
0.8,0.99,500000,3380.969285714285,204,195202,169.7772090435028
0.8,0.99,500000,3276.642678571437,203,191348,172.84058737754822
0.8,0.99,500000,3282.7776785714327,199,179366,167.79261255264282
0.8,0.99,500000,3302.596785714281,195,172042,167.61346459388733
0.8,0.99,500000,3203.2692857142833,184,176494,167.6989073753357
0.8,0.99,500000,3374.0673214285703,195,192784,168.60663652420044
0.8,0.99,500000,3351.655178571436,189,183878,168.30325150489807
0.8,0.99,500000,3345.6407142857142,205,191318,169.48669052124023
0.8,0.99,500000,3456.002321428567,199,194970,168.37958765029907
0.8,0.99,500000,3317.398214285718,202,186128,167.65305018424988
0.8,0.99,500000,3475.2533928571625,199,190544,171.3037211894989
0.8,0.99,500000,3241.2810714285706,210,198752,168.16744446754456
0.9,0.99,500000,3082.976428571438,209,200120,157.81152725219727
0.9,0.99,500000,3214.109821428571,208,195394,165.88082647323608
0.9,0.99,500000,3247.632857142858,196,179976,161.32867813110352
0.9,0.99,500000,3128.1310714285714,200,183136,163.5473129749298
0.9,0.99,500000,3231.9749999999935,199,183864,164.73445987701416
0.9,0.99,500000,3259.935357142865,199,182986,165.53657054901123
0.9,0.99,500000,3152.6980357142897,196,178452,166.06480288505554
0.9,0.99,500000,3175.259285714282,200,199148,167.02547192573547
0.9,0.99,500000,3113.589285714294,210,199296,163.91983318328857
0.9,0.99,500000,3176.6367857142895,195,180782,171.8259973526001
0.9,0.99,500000,3127.069285714293,192,185344,158.6708037853241
0.9,0.99,500000,3166.185714285708,209,188488,166.58402132987976
0.9,0.99,500000,3123.3767857142825,200,207490,166.23260402679443
0.9,0.99,500000,3064.0232142857203,216,195320,164.38622546195984
0.9,0.99,500000,3100.876785714291,202,190366,166.87404370307922
0.9,0.99,500000,3160.0089285714334,196,187786,165.22700572013855
0.9,0.99,500000,3177.3592857142935,201,177376,163.68748426437378
0.9,0.99,500000,3200.9105357142835,195,179034,168.0854139328003
1.0,0.99,500000,3087.8405357142956,379,243868,161.01552772521973
1.0,0.99,500000,3165.4457142857177,310,241480,167.36311149597168
1.0,0.99,500000,3118.9799999999923,374,225938,164.19686436653137
1.0,0.99,500000,3256.360357142868,364,269480,164.61760425567627
1.0,0.99,500000,3153.4071428571365,343,291736,171.78564524650574
1.0,0.99,500000,3158.419642857145,478,265736,165.78997588157654
1.0,0.99,500000,3159.6698214285825,445,307752,163.10375809669495
1.0,0.99,500000,3198.1158928571526,357,262232,165.83118653297424
1.0,0.99,500000,3058.867500000004,321,282876,163.09889888763428
1.0,0.99,500000,3113.3033928571504,335,208906,166.6540505886078
1.0,0.99,500000,3277.808571428566,413,258210,169.06458568572998
1.0,0.99,500000,3061.8796428571445,384,290814,166.34428191184998
1.0,0.99,500000,3130.9032142857127,429,285712,168.2338902950287
1.0,0.99,500000,3058.2375000000015,324,280808,162.3967969417572
1.0,0.99,500000,3176.886964285716,296,259490,169.37062644958496
1.0,0.99,500000,3089.9582142857266,338,262238,164.24945545196533
1.0,0.99,500000,3145.417678571435,447,296174,166.61050391197205
1.0,0.99,500000,3247.87125,345,293666,165.68823170661926
0.0,0.99,1000000,7248.218750000115,189,219514,565.5729212760925
0.0,0.99,1000000,7325.825892857283,188,214514,578.3925406932831
0.0,0.99,1000000,7765.575714285841,205,240152,606.3644449710846
0.0,0.99,1000000,7249.2800000001325,188,220096,600.2121081352234
0.0,0.99,1000000,7507.148035714427,195,229022,596.063291311264
0.0,0.99,1000000,7328.728035714404,191,246370,593.337281703949
0.0,0.99,1000000,7445.5421428572445,193,216846,581.389023065567
0.0,0.99,1000000,7277.044285714405,187,221842,585.8192291259766
0.0,0.99,1000000,7207.092500000124,191,241398,607.2944395542145
0.0,0.99,1000000,7646.196607143019,193,223644,606.738481760025
0.0,0.99,1000000,7120.349821428688,190,215132,599.423445224762
0.0,0.99,1000000,7465.824642857295,196,235904,640.4491109848022
0.0,0.99,1000000,7126.885357142963,190,221720,597.6827919483185
0.0,0.99,1000000,7349.149464285844,193,236676,585.2952802181244
0.0,0.99,1000000,7231.2312500001335,196,212696,634.5218861103058
0.0,0.99,1000000,7444.868928571546,200,227218,618.6741647720337
0.0,0.99,1000000,7958.778928571514,207,248766,639.9202055931091
0.0,0.99,1000000,7449.228392857275,192,214550,598.2087209224701
0.1,0.99,1000000,6814.250892857229,184,211374,525.0937144756317
0.1,0.99,1000000,6849.394107142975,193,213422,579.9347116947174
0.1,0.99,1000000,6792.483035714416,184,226588,541.6229920387268
0.1,0.99,1000000,6617.805178571526,187,203964,552.1494822502136
0.1,0.99,1000000,6962.12089285723,200,229216,541.9363372325897
0.1,0.99,1000000,6673.368571428683,184,209326,546.511216878891
0.1,0.99,1000000,6719.090892857229,183,203388,534.7385964393616
0.1,0.99,1000000,6794.015535714406,185,202558,558.5649175643921
0.1,0.99,1000000,6499.0912500000995,181,206270,494.9202742576599
0.1,0.99,1000000,6677.9580357143805,183,201306,542.7790219783783
0.1,0.99,1000000,6932.319107142966,194,223664,584.6877133846283
0.1,0.99,1000000,6702.863392857262,179,201604,546.2555594444275
0.1,0.99,1000000,6831.396607142966,194,212508,554.5245451927185
0.1,0.99,1000000,7034.236428571524,191,213904,558.8997027873993
0.1,0.99,1000000,6866.325178571542,193,220168,581.8120698928833
0.1,0.99,1000000,6892.972500000114,179,208544,567.8346703052521
0.1,0.99,1000000,7029.270000000111,195,220680,579.240446805954
0.1,0.99,1000000,6852.1746428572715,195,221818,568.8647701740265
0.2,0.99,1000000,6117.4651785715005,180,210738,459.3375928401947
0.2,0.99,1000000,6189.318035714352,185,214390,507.5396680831909
0.2,0.99,1000000,6342.301071428692,183,206358,498.6491811275482
0.2,0.99,1000000,6473.230535714387,185,211362,513.0564179420471
0.2,0.99,1000000,6386.831785714384,177,217918,509.04061245918274
0.2,0.99,1000000,6222.577678571514,190,201368,505.4169051647186
0.2,0.99,1000000,6289.721250000084,184,213602,515.712779045105
0.2,0.99,1000000,6192.179285714322,183,218760,510.1862895488739
0.2,0.99,1000000,5963.233928571493,182,198456,502.070600271225
0.2,0.99,1000000,6152.7191071429115,183,213028,481.98165822029114
0.2,0.99,1000000,6303.523214285814,181,200212,495.0537543296814
0.2,0.99,1000000,6546.068571428654,188,206728,507.15714716911316
0.2,0.99,1000000,6209.564464285803,177,203258,496.3395526409149
0.2,0.99,1000000,6247.439107142917,195,225760,503.7899420261383
0.2,0.99,1000000,6269.531785714353,177,196652,505.1872410774231
0.2,0.99,1000000,6464.599285714365,198,214276,508.54773354530334
0.2,0.99,1000000,6176.656071428658,185,213208,496.9647262096405
0.2,0.99,1000000,6458.774285714402,180,201440,517.7983245849609
0.3,0.99,1000000,5696.393035714369,173,201466,438.4829089641571
0.3,0.99,1000000,5467.574285714343,179,215036,422.48010087013245
0.3,0.99,1000000,5545.507857142911,170,198352,434.21050453186035
0.3,0.99,1000000,5596.126607142935,180,189952,432.83061051368713
0.3,0.99,1000000,5640.160178571482,185,196022,448.422575712204
0.3,0.99,1000000,5351.464107142887,171,224578,443.69971466064453
0.3,0.99,1000000,5623.454821428638,185,230840,435.39036989212036
0.3,0.99,1000000,6006.03750000007,179,208174,461.40804409980774
0.3,0.99,1000000,5442.997500000077,176,191646,435.63315534591675
0.3,0.99,1000000,5582.632857142919,173,225478,443.7682218551636
0.3,0.99,1000000,5704.115178571491,179,227070,461.9262943267822
0.3,0.99,1000000,5551.579464285795,179,210160,456.7676920890808
0.3,0.99,1000000,5725.687857142929,180,197182,476.1593635082245
0.3,0.99,1000000,5556.898035714349,184,192748,454.92023062705994
0.3,0.99,1000000,5601.892857142909,184,207438,449.71334648132324
0.3,0.99,1000000,5643.843035714334,185,200580,446.9007852077484
0.3,0.99,1000000,5535.605714285767,176,195936,465.1697635650635
0.3,0.99,1000000,5669.526964285803,179,196368,472.82682037353516
0.4,0.99,1000000,4855.883392857161,162,195790,388.74626183509827
0.4,0.99,1000000,5126.731964285741,171,192834,394.0024302005768
0.4,0.99,1000000,4938.891785714305,173,187612,400.6644332408905
0.4,0.99,1000000,4898.733214285731,184,192456,387.66610646247864
0.4,0.99,1000000,5044.595000000054,190,213292,414.29081082344055
0.4,0.99,1000000,4899.52285714287,171,192334,402.09614062309265
0.4,0.99,1000000,5209.772857142901,179,230174,406.7139654159546
0.4,0.99,1000000,5281.55035714291,190,202204,415.4796154499054
0.4,0.99,1000000,5036.9485714286175,169,185720,412.3948299884796
0.4,0.99,1000000,5061.699821428604,188,209474,394.88657450675964
0.4,0.99,1000000,5338.888392857195,184,194530,424.58966588974
0.4,0.99,1000000,4888.240535714319,181,186654,411.31009912490845
0.4,0.99,1000000,5348.266071428644,166,195474,443.8020830154419
0.4,0.99,1000000,5127.98678571431,171,185482,405.87218022346497
0.4,0.99,1000000,4790.440178571455,173,190974,416.34918117523193
0.4,0.99,1000000,5223.1116071429005,174,194722,428.7221326828003
0.4,0.99,1000000,5016.812500000038,155,169360,414.09456634521484
0.4,0.99,1000000,5165.274642857177,177,190966,409.36826944351196
0.5,0.99,1000000,4726.473392857188,185,206988,357.38082814216614
0.5,0.99,1000000,4539.3387500000445,174,182560,367.6411621570587
0.5,0.99,1000000,4292.548750000015,176,183954,370.5488238334656
0.5,0.99,1000000,4339.087500000012,175,182388,368.5339605808258
0.5,0.99,1000000,4497.120714285747,174,177560,375.45658254623413
0.5,0.99,1000000,4210.8344642857255,173,188094,365.5879764556885
0.5,0.99,1000000,4485.506250000023,184,199354,389.22966146469116
0.5,0.99,1000000,4237.683750000017,176,190420,359.53005194664
0.5,0.99,1000000,4219.360535714316,179,185722,362.28506445884705
0.5,0.99,1000000,4189.5178571428705,178,194932,359.27511954307556
0.5,0.99,1000000,4540.101250000027,179,185150,376.5860424041748
0.5,0.99,1000000,4381.569642857156,173,177452,380.8900308609009
0.5,0.99,1000000,4526.339821428593,176,190328,371.8756682872772
0.5,0.99,1000000,4411.588035714295,171,175990,361.5683813095093
0.5,0.99,1000000,4476.892321428591,178,196854,382.53456139564514
0.5,0.99,1000000,4397.781071428607,169,179452,380.3678433895111
0.5,0.99,1000000,4283.319821428606,176,188296,383.48304510116577
0.6,0.99,1000000,3896.087857142874,171,188136,328.14161682128906
0.5,0.99,1000000,4881.464107142878,183,198350,390.16990900039673
0.6,0.99,1000000,3997.950892857144,177,179934,350.62653946876526
0.6,0.99,1000000,3982.8919642857204,184,185242,348.1763141155243
0.6,0.99,1000000,3981.235535714299,184,178872,349.53920674324036
0.6,0.99,1000000,3805.976785714294,169,190500,336.7510437965393
0.6,0.99,1000000,4145.643750000012,185,187450,355.1173481941223
0.6,0.99,1000000,4030.9175000000077,185,190308,346.93875336647034
0.6,0.99,1000000,4086.9726785714524,172,189758,355.1580419540405
0.6,0.99,1000000,4061.5126785714406,169,178076,358.06205582618713
0.6,0.99,1000000,4111.047321428583,190,203874,357.89923095703125
0.6,0.99,1000000,3935.3141071428786,178,183522,344.77076268196106
0.6,0.99,1000000,4017.520714285729,183,182962,349.640394449234
0.6,0.99,1000000,4191.585535714293,175,190390,353.26722383499146
0.6,0.99,1000000,3958.6582142857246,171,179494,362.15656661987305
0.6,0.99,1000000,4223.663035714315,165,198624,352.93443489074707
0.7,0.99,1000000,3764.376607142881,168,175894,328.18815064430237
0.6,0.99,1000000,3710.5458928571543,180,177330,345.5659062862396
0.6,0.99,1000000,4144.4680357143,186,184768,354.38899064064026
0.6,0.99,1000000,3748.174464285723,179,178614,355.0621180534363
0.7,0.99,1000000,3727.1905357142955,174,179112,327.5227997303009
0.7,0.99,1000000,3740.2239285714277,178,177006,331.71126532554626
0.7,0.99,1000000,3760.8516071428608,171,188118,334.18778800964355
0.7,0.99,1000000,3640.405535714294,182,186640,331.6284718513489
0.7,0.99,1000000,3708.5623214285733,190,184572,326.9455375671387
0.7,0.99,1000000,3611.971785714301,185,189686,328.8176028728485
0.7,0.99,1000000,3735.95785714286,190,188908,332.6842317581177
0.7,0.99,1000000,3777.3998214285734,185,200812,326.112553358078
0.7,0.99,1000000,3994.866071428595,169,177996,340.9525225162506
0.7,0.99,1000000,3830.332142857155,182,190274,322.79524779319763
0.7,0.99,1000000,3573.2800000000047,182,203264,332.0439896583557
0.7,0.99,1000000,3855.9828571428616,194,188072,332.20718812942505
0.7,0.99,1000000,3782.86178571431,181,181610,332.80203318595886
0.8,0.99,1000000,3467.03392857144,177,178424,311.73248410224915
0.7,0.99,1000000,3596.2507142857103,180,186158,328.1024422645569
0.7,0.99,1000000,3914.321785714302,186,169188,337.0512104034424
0.7,0.99,1000000,3641.7485714285763,165,177644,330.3975098133087
0.7,0.99,1000000,3826.3505357142917,176,170710,328.4385063648224
0.8,0.99,1000000,3507.3633928571426,174,190228,317.75299620628357
0.8,0.99,1000000,3634.660357142863,178,171488,321.9320764541626
0.8,0.99,1000000,3426.1539285714375,176,178144,323.80611538887024
0.8,0.99,1000000,3432.8676785714274,159,168246,322.01478695869446
0.8,0.99,1000000,3413.655178571438,180,181712,312.35841274261475
0.8,0.99,1000000,3431.5008928571515,176,180824,316.6670548915863
0.8,0.99,1000000,3487.405535714287,187,180360,315.04143810272217
0.8,0.99,1000000,3369.731964285717,177,178268,314.5041422843933
0.8,0.99,1000000,3569.019642857151,179,194358,321.9944248199463
0.8,0.99,1000000,3451.7546428571413,182,178198,321.2644453048706
0.8,0.99,1000000,3581.7467857142838,188,187214,320.29306173324585
0.8,0.99,1000000,3474.8428571428767,183,179232,320.5283772945404
0.9,0.99,1000000,3225.473928571432,170,169978,302.62251257896423
0.8,0.99,1000000,3455.0994642857186,190,190960,330.0423774719238
0.8,0.99,1000000,3624.3885714285684,187,194776,325.9807217121124
0.8,0.99,1000000,3508.0494642857216,185,178220,316.9507851600647
0.8,0.99,1000000,3550.8396428571464,179,189480,321.8063099384308
0.8,0.99,1000000,3576.7203571428577,179,181396,330.7526340484619
0.9,0.99,1000000,3345.0405357142895,168,169180,304.0966606140137
0.9,0.99,1000000,3276.582500000009,183,176778,304.39349699020386
0.9,0.99,1000000,3171.5094642857075,184,193752,301.19306898117065
0.9,0.99,1000000,3284.9966071428603,184,172444,303.4787664413452
0.9,0.99,1000000,3258.2978571428503,172,179182,303.6298449039459
0.9,0.99,1000000,3151.455714285718,182,166814,301.4172611236572
0.9,0.99,1000000,3220.1476785714353,178,176544,307.0886764526367
0.9,0.99,1000000,3237.3794642857188,188,188632,301.94947600364685
0.9,0.99,1000000,3354.741428571425,180,195252,323.4778082370758
0.9,0.99,1000000,3220.876428571436,178,171934,306.3660018444061
0.9,0.99,1000000,3233.8175000000037,166,167174,305.1779272556305
1.0,0.99,1000000,3291.26071428571,476,247070,300.330326795578
0.9,0.99,1000000,3407.904285714295,189,190736,310.40609216690063
0.9,0.99,1000000,3179.9439285714293,178,174982,309.5320146083832
0.9,0.99,1000000,3353.1644642857127,180,175294,306.48691606521606
0.9,0.99,1000000,3392.7791071428624,177,174570,314.16090273857117
0.9,0.99,1000000,3219.3405357142974,188,174266,313.09588050842285
0.9,0.99,1000000,3400.224285714285,170,166084,317.00765466690063
1.0,0.99,1000000,3215.061250000011,447,298420,313.821320772171
1.0,0.99,1000000,3255.1271428571476,371,270196,314.443163394928
1.0,0.99,1000000,3309.0780357142867,436,295710,318.4213569164276
1.0,0.99,1000000,3308.5553571428636,465,249108,315.49222779273987
1.0,0.99,1000000,3230.8973214285747,478,252990,303.77052068710327
1.0,0.99,1000000,3072.9982142857084,472,271554,303.25089931488037
1.0,0.99,1000000,3249.0928571428626,667,258358,308.9575514793396
1.0,0.99,1000000,3472.5494642857116,382,304398,307.3820354938507
1.0,0.99,1000000,3342.6441071428644,422,279608,309.9511260986328
1.0,0.99,1000000,3145.6583928571463,422,275810,312.43633484840393
1.0,0.99,1000000,3369.3462499999923,398,242084,309.23013377189636
1.0,0.99,1000000,3296.8623214285763,367,278594,316.0450348854065
1.0,0.99,1000000,3403.969999999998,420,278720,317.11303997039795
1.0,0.99,1000000,3159.089107142853,386,238762,311.2674369812012
1.0,0.99,1000000,3345.726785714287,464,237992,307.9433171749115
1.0,0.99,1000000,3126.8989285714333,579,297848,318.0549762248993
1.0,0.99,1000000,3229.5362500000097,370,266836,313.99824714660645
0.0,0.99,3000000,7720.957142857274,148,222914,1838.539736032486
0.0,0.99,3000000,7725.435000000135,159,221412,2013.3028008937836
0.0,0.99,3000000,7423.46035714301,158,210522,1985.9853374958038
0.0,0.99,3000000,7790.077678571548,157,201910,2014.4775779247284
0.0,0.99,3000000,7985.897857142981,159,230956,2035.9220457077026
0.0,0.99,3000000,8027.374464285821,172,237742,2065.239807367325
0.0,0.99,3000000,7977.336428571555,156,223990,2018.6536133289337
0.0,0.99,3000000,7801.899107142986,156,228206,2038.6520097255707
0.0,0.99,3000000,7991.961428571561,171,228686,2059.517860889435
0.0,0.99,3000000,7729.8951785715535,134,217604,2081.720990419388
0.0,0.99,3000000,7420.476250000117,163,214428,2054.643235206604
0.0,0.99,3000000,7874.765714285834,148,239342,2121.2896859645844
0.0,0.99,3000000,7468.240714285849,150,203314,1961.863211631775
0.0,0.99,3000000,7835.380535714385,170,229502,2130.934106826782
0.0,0.99,3000000,7904.203392857255,122,228560,2130.6347992420197
0.0,0.99,3000000,7673.607857142973,162,217304,2086.9319767951965
0.0,0.99,3000000,8157.763928571559,159,233718,2173.852082490921
0.0,0.99,3000000,8012.118392857264,165,243776,2166.5506179332733
0.1,0.99,3000000,7254.901428571522,172,208592,1754.134230852127
0.1,0.99,3000000,7139.124285714416,166,213340,1802.7713057994843
0.1,0.99,3000000,6928.776607142968,165,225538,1815.0034000873566
0.1,0.99,3000000,7038.894285714406,135,208898,1855.4096529483795
0.1,0.99,3000000,7101.855357142976,158,215548,1897.2326445579529
0.1,0.99,3000000,7661.718928571577,154,233898,1920.309270143509
0.1,0.99,3000000,7132.35875000011,159,217736,1851.0600199699402
0.1,0.99,3000000,7390.277678571567,160,204594,1866.8227875232697
0.1,0.99,3000000,7562.87071428586,147,217004,1968.7309765815735
0.1,0.99,3000000,7019.027500000128,158,205220,1944.2719566822052
0.1,0.99,3000000,7008.066428571548,159,200856,1927.5946321487427
0.1,0.99,3000000,7885.2021428572425,164,234736,1919.5987393856049
0.1,0.99,3000000,7034.2694642858605,150,206304,1838.948506116867
0.1,0.99,3000000,7190.006964285844,167,220224,1915.2906968593597
0.1,0.99,3000000,7074.545357142982,173,213020,1912.1592309474945
0.1,0.99,3000000,7020.944464285841,157,205242,1858.8128435611725
0.1,0.99,3000000,7355.102500000153,165,219200,1904.5666961669922
0.1,0.99,3000000,7064.075714285851,165,211188,1914.9209558963776
0.2,0.99,3000000,6383.290178571541,165,190456,1552.0406198501587
0.2,0.99,3000000,6537.371250000106,143,193522,1653.4760982990265
0.2,0.99,3000000,6828.998214285812,160,199618,1675.285171031952
0.2,0.99,3000000,6687.519464285804,155,184998,1659.8846106529236
0.2,0.99,3000000,6750.690357142958,156,202676,1717.9631884098053
0.2,0.99,3000000,6581.1375000000635,163,203564,1646.3486258983612
0.2,0.99,3000000,6787.248214285831,173,195928,1729.0636649131775
0.2,0.99,3000000,6679.479464285813,153,191470,1735.8224267959595
0.2,0.99,3000000,6606.652142857257,163,206216,1677.2796576023102
0.2,0.99,3000000,6536.241607142957,151,189512,1698.895896434784
0.2,0.99,3000000,6935.826785714374,168,232966,1810.9426238536835
0.2,0.99,3000000,6569.015535714374,160,204178,1731.9194734096527
0.2,0.99,3000000,6758.2198214286755,145,208184,1713.8837592601776
0.2,0.99,3000000,7011.850357142967,136,194030,1794.7205510139465
0.2,0.99,3000000,6678.093928571512,130,206126,1653.8982315063477
0.2,0.99,3000000,6473.641964285789,147,195686,1789.3234686851501
0.2,0.99,3000000,6845.007500000106,147,205302,1722.889125585556
0.2,0.99,3000000,6801.578750000104,163,202610,1753.4139342308044
0.3,0.99,3000000,6157.608571428654,144,187350,1499.3360126018524
0.3,0.99,3000000,6214.280357142919,166,210524,1529.7268450260162
0.3,0.99,3000000,6405.109464285793,157,192726,1548.1403019428253
0.3,0.99,3000000,6504.596964285792,157,200366,1572.8786454200745
0.3,0.99,3000000,6251.538928571486,148,224860,1595.2163105010986
0.3,0.99,3000000,6306.55107142866,159,215586,1546.9585185050964
0.3,0.99,3000000,6281.772678571494,167,212202,1610.0876033306122
0.3,0.99,3000000,6413.133214285827,158,201580,1650.5571298599243
0.3,0.99,3000000,5669.499107142946,146,181634,1463.3913881778717
0.3,0.99,3000000,5896.597321428662,162,191144,1489.8230493068695
0.3,0.99,3000000,6332.812857142934,148,196232,1565.631534576416
0.3,0.99,3000000,5916.163392857226,153,189888,1530.7936260700226
0.3,0.99,3000000,6081.01410714292,141,181336,1494.6461026668549
0.3,0.99,3000000,6359.583214285804,157,190118,1604.1598117351532
0.3,0.99,3000000,6528.794464285798,152,212186,1634.2122583389282
0.3,0.99,3000000,6380.257678571518,150,185756,1542.997218132019
0.3,0.99,3000000,6081.482857142926,153,184886,1552.9768636226654
0.3,0.99,3000000,6395.294464285808,179,206292,1657.327029466629
0.4,0.99,3000000,5738.64517857148,159,188680,1375.5590779781342
0.4,0.99,3000000,5545.5419642857805,151,176268,1412.0889766216278
0.4,0.99,3000000,5685.800357142922,164,187590,1344.4200882911682
0.4,0.99,3000000,5838.450000000087,145,186530,1356.4766142368317
0.4,0.99,3000000,5842.923928571499,152,192946,1396.2224490642548
0.4,0.99,3000000,5723.831071428655,164,190276,1411.3845252990723
0.4,0.99,3000000,5541.827142857219,141,186620,1390.6231288909912
0.4,0.99,3000000,5485.728750000058,151,187236,1407.7210280895233
0.4,0.99,3000000,5683.701428571488,151,189984,1386.4348390102386
0.4,0.99,3000000,5844.866785714357,166,192616,1458.4860031604767
0.4,0.99,3000000,5722.685178571488,148,190704,1341.890777349472
0.4,0.99,3000000,5507.605714285763,143,212704,1364.0977108478546
0.4,0.99,3000000,5612.425000000073,153,190526,1426.6386830806732
0.4,0.99,3000000,5742.122857142951,164,184736,1437.8797569274902
0.4,0.99,3000000,5477.703571428622,157,183830,1430.0256731510162
0.4,0.99,3000000,6382.495892857238,171,198328,1529.9122004508972
0.4,0.99,3000000,5602.16071428578,151,193240,1549.8875632286072
0.4,0.99,3000000,5575.955357142916,168,193062,1411.163185596466
0.5,0.99,3000000,5177.155535714327,155,173372,1219.848140001297
0.5,0.99,3000000,4771.0053571428925,156,185912,1192.2285692691803
0.5,0.99,3000000,5196.962321428634,149,175056,1237.1481430530548
0.5,0.99,3000000,5005.815357142885,139,181342,1226.3038439750671
0.5,0.99,3000000,5075.717142857179,150,178654,1215.2799139022827
0.5,0.99,3000000,4778.687857142883,148,190304,1222.1105585098267
0.5,0.99,3000000,5329.614285714335,165,197284,1307.998435974121
0.5,0.99,3000000,5082.058392857167,141,217608,1211.209464788437
0.5,0.99,3000000,5411.330714285772,164,185606,1287.9896709918976
0.5,0.99,3000000,5332.192678571476,161,186828,1308.262722492218
0.5,0.99,3000000,4945.328750000025,161,201026,1239.6808590888977
0.5,0.99,3000000,5067.825178571467,138,176252,1286.4810628890991
0.5,0.99,3000000,5138.218214285765,152,178320,1226.7002613544464
0.5,0.99,3000000,5323.817142857203,163,193830,1326.959674358368
0.6,0.99,3000000,4513.114285714317,152,185984,1078.4036238193512
0.5,0.99,3000000,5057.514642857188,156,171226,1277.8206579685211
0.5,0.99,3000000,5132.489642857187,163,194548,1261.2899386882782
0.5,0.99,3000000,5073.080357142903,162,189228,1297.9856405258179
0.5,0.99,3000000,5288.65375000007,158,178128,1295.7703456878662
0.6,0.99,3000000,4590.041250000034,164,187676,1100.3190622329712
0.6,0.99,3000000,4401.292857142893,159,176906,1097.5402727127075
0.6,0.99,3000000,4483.1321428571655,147,181472,1149.6857585906982
0.6,0.99,3000000,4941.139821428587,153,195534,1179.2163949012756
0.6,0.99,3000000,4764.183392857178,168,185870,1170.5860505104065
0.6,0.99,3000000,4624.843214285759,150,186980,1150.11217212677
0.6,0.99,3000000,4381.286964285744,148,175358,1114.3296983242035
0.7,0.99,3000000,3995.718035714291,151,187028,998.385999917984
0.6,0.99,3000000,4645.178571428596,153,185358,1136.26109957695
0.6,0.99,3000000,4768.547321428609,154,171764,1202.3141317367554
0.6,0.99,3000000,4852.934464285742,170,194050,1208.7065300941467
0.6,0.99,3000000,4510.128571428593,153,175988,1145.5465366840363
0.6,0.99,3000000,4581.742678571455,156,178362,1160.0568034648895
0.6,0.99,3000000,4469.681250000024,147,178182,1212.689265012741
0.6,0.99,3000000,4780.052857142875,156,190246,1145.6503629684448
0.6,0.99,3000000,4655.6125000000375,160,179914,1183.7491717338562
0.6,0.99,3000000,4572.915178571459,164,180906,1141.736867904663
0.6,0.99,3000000,4439.9023214286135,147,193356,1128.8883020877838
0.7,0.99,3000000,4022.9173214285834,161,163416,999.0189373493195
0.7,0.99,3000000,3996.3873214285873,159,175438,1040.3147945404053
0.7,0.99,3000000,4296.458392857172,161,186372,1042.1485047340393
0.7,0.99,3000000,3887.598392857163,158,182960,1004.4401404857635
0.7,0.99,3000000,4033.796250000019,166,183714,1005.6695189476013
0.7,0.99,3000000,4054.075714285732,149,170300,1033.3318130970001
0.7,0.99,3000000,4220.84750000001,157,182856,1036.581728219986
0.8,0.99,3000000,3933.1089285714484,162,180712,996.8776652812958
0.7,0.99,3000000,4134.251250000025,146,165834,1029.872941493988
0.7,0.99,3000000,4137.049642857166,162,180132,1038.3165392875671
0.7,0.99,3000000,3920.385357142874,159,173752,982.9591734409332
0.7,0.99,3000000,4209.578214285744,153,175316,1028.850533246994
0.7,0.99,3000000,3948.228750000025,142,187440,1114.836335659027
0.7,0.99,3000000,4217.32875000003,171,191356,1070.2375135421753
0.7,0.99,3000000,4184.694821428599,156,184522,1055.4905200004578
0.7,0.99,3000000,4134.529821428591,156,165038,1053.374798297882
0.7,0.99,3000000,4209.362678571447,156,195466,1034.4811947345734
0.7,0.99,3000000,4386.673392857169,159,177158,1094.499082326889
0.8,0.99,3000000,3541.827500000001,154,192034,943.5582723617554
0.9,0.99,3000000,3398.374821428583,157,178730,858.2843697071075
0.8,0.99,3000000,3587.817678571438,153,187070,960.737233877182
0.8,0.99,3000000,3763.8521428571735,157,182038,997.1275432109833
0.8,0.99,3000000,3600.56392857143,157,180682,945.8246703147888
0.8,0.99,3000000,3625.234464285738,167,193178,951.9969029426575
0.8,0.99,3000000,3654.836250000014,148,171098,946.4334774017334
0.8,0.99,3000000,3649.0400000000177,154,163544,962.5368263721466
0.8,0.99,3000000,3788.0691071428823,151,164334,962.3607211112976
0.8,0.99,3000000,3592.524464285719,170,166798,938.9525747299194
0.8,0.99,3000000,3664.837500000012,163,171678,997.6713168621063
0.8,0.99,3000000,3717.4085714285657,155,166076,961.4169800281525
0.8,0.99,3000000,3894.6276785714335,152,176484,982.426771402359
0.8,0.99,3000000,3886.8678571428836,165,188486,954.4329755306244
0.8,0.99,3000000,3574.292500000011,154,169986,939.8447551727295
0.8,0.99,3000000,3678.282499999994,154,173804,945.0825390815735
0.8,0.99,3000000,3723.3155357142937,156,169662,941.0270726680756
0.8,0.99,3000000,3563.351785714279,154,173070,930.23024559021
0.9,0.99,3000000,3201.260000000009,152,162442,883.913491487503
1.0,0.99,3000000,3444.8883928571554,656,253156,906.1363677978516
0.9,0.99,3000000,3360.5733928571576,152,164842,889.2335903644562
0.9,0.99,3000000,3270.866964285717,161,166068,922.7463457584381
0.9,0.99,3000000,3396.796250000009,168,172640,869.7881743907928
0.9,0.99,3000000,3524.943571428584,158,167034,934.9276015758514
0.9,0.99,3000000,3403.4342857143115,155,165842,881.8278753757477
0.9,0.99,3000000,3318.9860714285755,149,156218,912.1743867397308
0.9,0.99,3000000,3421.95500000001,168,179770,897.9072880744934
0.9,0.99,3000000,3402.11035714286,156,177250,907.7702345848083
0.9,0.99,3000000,3427.7176785714337,159,163896,917.8162336349487
0.9,0.99,3000000,3357.6987500000146,161,182488,914.0697102546692
0.9,0.99,3000000,3358.5832142857244,158,167306,889.8890173435211
0.9,0.99,3000000,3572.7660714285817,161,179322,909.1146817207336
0.9,0.99,3000000,3349.25839285714,167,177642,936.6850409507751
0.9,0.99,3000000,3339.039464285716,164,172360,894.9462008476257
0.9,0.99,3000000,3548.5764285714367,168,172626,924.710942029953
0.9,0.99,3000000,3329.9001785714295,164,162476,911.386958360672
1.0,0.99,3000000,3443.6994642857317,740,240336,915.3574845790863
1.0,0.99,3000000,3354.6464285714455,574,267148,914.2095236778259
1.0,0.99,3000000,3426.328750000009,397,286882,941.9872267246246
1.0,0.99,3000000,3484.0917857142927,599,244302,928.0775303840637
1.0,0.99,3000000,3501.2596428571537,567,234408,943.6725974082947
1.0,0.99,3000000,3542.2451785714484,385,264384,971.3593561649323
1.0,0.99,3000000,3396.093392857148,397,301088,934.9053032398224
1.0,0.99,3000000,3546.7464285714436,792,320638,935.1768774986267
1.0,0.99,3000000,3416.136964285716,631,380452,959.0957374572754
1.0,0.99,3000000,3266.4703571428668,356,246300,901.8586795330048
1.0,0.99,3000000,3400.4298214285764,446,255266,919.2841730117798
1.0,0.99,3000000,3499.370714285727,413,242300,970.084418296814
1.0,0.99,3000000,3398.5316071428706,581,271042,924.372339963913
1.0,0.99,3000000,3658.74875000001,366,294188,927.8309707641602
1.0,0.99,3000000,3463.4855357142983,649,271146,942.2082359790802
1.0,0.99,3000000,3386.762142857165,524,268454,930.6120216846466
1.0,0.99,3000000,3439.5598214285747,360,266328,941.8724691867828
0.0,0.99,5000000,8186.3596428572655,141,234594,3388.3438217639923
0.0,0.99,5000000,7875.561250000122,148,244742,3575.2473335266113
0.0,0.99,5000000,7469.52446428583,141,206528,3371.936501979828
0.0,0.99,5000000,8520.37696428584,138,250722,3512.9196202754974
0.0,0.99,5000000,7871.552142857258,142,227686,3501.098363876343
0.0,0.99,5000000,8402.51785714297,147,238184,3600.259597301483
0.0,0.99,5000000,8286.190535714424,143,243382,3600.005706310272
0.0,0.99,5000000,7740.613750000135,156,211952,3392.621908903122
0.0,0.99,5000000,7588.00571428584,116,201948,3311.9295568466187
0.0,0.99,5000000,8314.625714285845,131,249162,3766.647547721863
0.0,0.99,5000000,8066.30517857156,114,226952,3615.702969789505
0.0,0.99,5000000,8264.669642857274,126,236750,3529.4767644405365
0.0,0.99,5000000,8084.544464285841,115,234922,3642.922353744507
0.0,0.99,5000000,8404.800357143022,164,246630,3846.8303167819977
0.0,0.99,5000000,8346.993750000138,128,249076,3647.391272544861
0.0,0.99,5000000,8062.785535714408,124,232384,3583.529577732086
0.0,0.99,5000000,8128.582142857262,125,252872,3778.713644504547
0.0,0.99,5000000,8332.78857142871,137,250080,3748.940629720688
0.1,0.99,5000000,7474.949285714421,143,214386,3099.182280063629
0.1,0.99,5000000,8043.921964285861,156,239950,3449.9031236171722
0.1,0.99,5000000,8175.486607142987,141,245386,3406.6384065151215
0.1,0.99,5000000,7603.931250000117,146,227968,3243.6907975673676
0.1,0.99,5000000,7585.052857143007,131,231864,3139.0785579681396
0.1,0.99,5000000,7509.721785714412,141,220752,3253.679170846939
0.1,0.99,5000000,7971.724821428696,135,243856,3327.9773440361023
0.1,0.99,5000000,7422.774642857279,136,226682,3136.958333015442
0.1,0.99,5000000,7368.519642857254,88,225014,3344.9602172374725
0.1,0.99,5000000,7377.528392857261,142,209216,3062.8400526046753
0.1,0.99,5000000,7169.7471428572435,143,202536,3181.754191160202
0.1,0.99,5000000,7517.17160714297,134,217450,3212.598146677017
0.1,0.99,5000000,7288.99089285727,141,212496,3242.619280576706
0.1,0.99,5000000,7531.207142857288,128,219110,3432.4604189395905
0.1,0.99,5000000,7962.060357142957,137,240598,3626.1642780303955
0.1,0.99,5000000,7853.257678571534,144,242282,3460.031226158142
0.1,0.99,5000000,7618.18714285724,149,234850,3293.1117033958435
0.1,0.99,5000000,8091.179107142961,137,250074,3660.5626685619354
0.2,0.99,5000000,6719.320178571531,146,203532,2886.656078338623
0.2,0.99,5000000,7061.409464285843,154,202968,2936.39372754097
0.2,0.99,5000000,6785.086250000122,139,199304,2954.4699714183807
0.2,0.99,5000000,6805.106607142984,123,188770,2846.974680662155
0.2,0.99,5000000,7163.277857142961,160,228988,3067.7650887966156
0.2,0.99,5000000,6848.991250000122,127,205416,2941.7721617221832
0.2,0.99,5000000,6744.289285714374,141,193542,3052.9954314231873
0.2,0.99,5000000,7303.741071428699,153,224896,3152.613790512085
0.2,0.99,5000000,6492.73446428581,137,207186,2895.630218267441
0.2,0.99,5000000,6411.357678571542,140,191508,2852.1862936019897
0.2,0.99,5000000,7320.419285714399,143,210516,3262.4115624427795
0.2,0.99,5000000,7256.432678571526,147,213340,3242.3133873939514
0.2,0.99,5000000,6978.987857142939,166,211418,3056.2433915138245
0.2,0.99,5000000,6745.209464285827,138,221822,2922.470642566681
0.2,0.99,5000000,6835.626785714403,145,211536,3040.0231897830963
0.2,0.99,5000000,7303.058571428664,147,210840,3104.141301393509
0.2,0.99,5000000,6713.782857142997,135,204878,3040.408887863159
0.2,0.99,5000000,6834.155178571555,139,198034,3077.5458068847656
0.3,0.99,5000000,6379.867321428681,126,195216,2732.1260421276093
0.3,0.99,5000000,6148.77678571437,151,186094,2575.1507964134216
0.3,0.99,5000000,6686.487678571537,156,213752,2768.112555027008
0.3,0.99,5000000,6400.191964285778,148,195846,2710.725934743881
0.3,0.99,5000000,6260.185357142937,124,189122,2798.345613718033
0.3,0.99,5000000,6163.9117857143565,133,185648,2664.201647043228
0.3,0.99,5000000,6637.4562500001,135,213708,2838.8977336883545
0.3,0.99,5000000,6665.048035714411,144,206890,2854.309690475464
0.3,0.99,5000000,6367.851250000094,147,194414,2786.212639808655
0.3,0.99,5000000,6238.438571428656,132,204500,2802.2823429107666
0.3,0.99,5000000,6551.56982142863,148,194332,2806.4222881793976
0.3,0.99,5000000,7039.417857142989,124,214166,2899.2941286563873
0.3,0.99,5000000,6770.291071428687,138,240408,2749.533681154251
0.3,0.99,5000000,6746.87267857155,141,215632,2792.244789123535
0.3,0.99,5000000,6678.514285714353,150,215486,2729.012463092804
0.3,0.99,5000000,6383.457678571511,150,190702,2919.633005619049
0.3,0.99,5000000,6731.896428571546,166,219524,2877.415618419647
0.4,0.99,5000000,5733.911071428641,139,199440,2463.2580564022064
0.3,0.99,5000000,7041.433928571518,135,225888,3044.1029617786407
0.4,0.99,5000000,6038.169285714342,148,207480,2582.1260328292847
0.4,0.99,5000000,6224.486071428636,133,218942,2530.495536327362
0.4,0.99,5000000,6121.541250000084,165,213570,2622.259787082672
0.4,0.99,5000000,5709.167142857209,152,196912,2476.2757625579834
0.4,0.99,5000000,6056.885892857228,153,204666,2524.32554602623
0.4,0.99,5000000,5992.118035714361,146,197642,2472.400755882263
0.4,0.99,5000000,6021.135357142944,153,189966,2618.841201543808
0.4,0.99,5000000,6147.587142857196,149,201046,2536.7950699329376
0.4,0.99,5000000,5891.561428571519,125,176286,2411.17187166214
0.4,0.99,5000000,6072.775357142959,152,211222,2582.691461801529
0.4,0.99,5000000,5765.746071428627,143,190516,2454.454873561859
0.4,0.99,5000000,6047.833035714362,125,180828,2522.836753845215
0.4,0.99,5000000,5560.571785714355,146,177186,2449.069380044937
0.4,0.99,5000000,6327.649107142895,163,248740,2608.3712763786316
0.4,0.99,5000000,5811.806785714357,154,182840,2457.118136882782
0.5,0.99,5000000,5030.304464285745,150,173312,2131.92710852623
0.4,0.99,5000000,6236.176071428653,163,197470,2579.205216884613
0.4,0.99,5000000,5573.22410714291,134,197324,2575.9297258853912
0.5,0.99,5000000,5674.960178571485,153,195522,2295.9037549495697
0.5,0.99,5000000,5332.317500000064,138,185862,2253.1991291046143
0.5,0.99,5000000,5277.5248214286385,133,181046,2232.98725938797
0.5,0.99,5000000,5384.643214285759,145,183256,2154.698926448822
0.5,0.99,5000000,5134.439107142912,149,178666,2201.654258966446
0.5,0.99,5000000,5760.849107142895,169,216712,2348.842836380005
0.5,0.99,5000000,5638.080892857186,142,181130,2294.6912643909454
0.5,0.99,5000000,5052.935357142881,118,171494,2186.8358385562897
0.5,0.99,5000000,5417.847142857201,159,212488,2254.9217772483826
0.5,0.99,5000000,5351.738214285758,148,188012,2281.2666413784027
0.5,0.99,5000000,5404.350892857199,151,189118,2242.1300699710846
0.5,0.99,5000000,5230.457678571466,138,176358,2215.22931432724
0.6,0.99,5000000,5078.3117857143225,149,179120,2042.547569990158
0.5,0.99,5000000,5597.8037500000655,158,213212,2298.3650901317596
0.5,0.99,5000000,5652.06125000007,154,187338,2346.5543382167816
0.5,0.99,5000000,5400.411250000075,162,193740,2278.033552646637
0.5,0.99,5000000,5301.458928571491,151,196468,2234.2861375808716
0.5,0.99,5000000,5215.703750000053,133,188384,2309.218682050705
0.6,0.99,5000000,4752.968928571464,148,175770,2015.3566925525665
0.6,0.99,5000000,4695.063571428605,143,173166,1992.8995733261108
0.6,0.99,5000000,4875.066071428594,155,188514,1976.2744722366333
0.7,0.99,5000000,4415.5305357143125,133,171954,1652.7518510818481
0.6,0.99,5000000,4915.633214285733,149,174100,2061.730012178421
0.6,0.99,5000000,4958.324464285725,148,185396,2020.1377229690552
0.6,0.99,5000000,5107.470892857199,153,180738,2065.2992630004883
0.6,0.99,5000000,5016.771964285763,156,191490,2073.5427916049957
0.6,0.99,5000000,4768.7001785714865,137,192424,2048.9344992637634
0.6,0.99,5000000,5087.54785714291,150,197698,2064.2516968250275
0.6,0.99,5000000,4714.96053571433,144,164266,1965.883174419403
0.6,0.99,5000000,4806.489642857167,132,186354,1974.920526266098
0.6,0.99,5000000,5045.383035714332,150,188600,2065.590695619583
0.6,0.99,5000000,4675.013750000052,141,179796,2048.4140815734863
0.6,0.99,5000000,4654.353214285753,140,180428,1988.1213839054108
0.6,0.99,5000000,4536.028928571449,151,183260,2002.2846927642822
0.6,0.99,5000000,5195.310357142889,134,183788,2156.6954333782196
0.6,0.99,5000000,4816.984821428609,145,168204,2044.6117436885834
0.7,0.99,5000000,4068.7939285714383,155,176246,1742.8839826583862
0.8,0.99,5000000,3887.2469642857313,137,170054,1577.237338066101
0.7,0.99,5000000,4229.803035714291,154,183942,1807.7279829978943
0.7,0.99,5000000,4075.634285714302,149,179476,1776.5088107585907
0.7,0.99,5000000,4315.605357142883,145,176674,1783.6617810726166
0.7,0.99,5000000,4219.759107142885,143,171484,1798.6140694618225
0.7,0.99,5000000,4245.855000000035,163,193640,1767.4723196029663
0.7,0.99,5000000,4205.891964285732,134,157504,1815.2146227359772
0.7,0.99,5000000,4338.650000000008,148,170270,1829.2549738883972
0.7,0.99,5000000,4087.3983928571756,147,175062,1750.5234558582306
0.7,0.99,5000000,4213.1983928571635,141,172238,1854.1755139827728
0.7,0.99,5000000,4651.930178571449,161,196248,1944.7916026115417
0.7,0.99,5000000,4375.852321428597,164,184668,1797.3672714233398
0.7,0.99,5000000,4266.354285714306,165,175154,1817.9356091022491
0.7,0.99,5000000,4351.287321428593,143,181880,1778.5753891468048
0.7,0.99,5000000,4223.925357142891,146,164348,1810.7182550430298
0.7,0.99,5000000,4493.261964285759,155,177396,1781.6496946811676
0.9,0.99,5000000,3534.936250000001,157,174864,1508.3410959243774
0.7,0.99,5000000,4622.387857142899,157,191498,1899.4252712726593
0.8,0.99,5000000,3889.46767857144,152,168450,1670.55375790596
0.8,0.99,5000000,3936.109285714305,146,184090,1641.0013508796692
0.8,0.99,5000000,3855.9403571428657,151,169344,1667.300484418869
0.8,0.99,5000000,3960.812857142876,145,176814,1614.756915807724
0.8,0.99,5000000,3951.4089285714717,149,203440,1704.2204234600067
0.8,0.99,5000000,3695.511071428596,153,176568,1594.3969361782074
0.8,0.99,5000000,3948.726607142876,156,175386,1655.0366764068604
0.8,0.99,5000000,3861.67803571431,149,180328,1654.5601835250854
0.8,0.99,5000000,4019.212500000022,157,184986,1636.4033541679382
0.8,0.99,5000000,3770.4564285714378,134,170172,1585.391685962677
0.8,0.99,5000000,3965.297142857168,137,158558,1628.018466949463
0.8,0.99,5000000,3833.4948214285855,146,196636,1652.895203113556
0.8,0.99,5000000,3741.4114285714377,145,174866,1608.411250114441
0.8,0.99,5000000,3772.9828571428543,152,195956,1654.9426560401917
0.8,0.99,5000000,4066.811071428576,152,177038,1645.187007188797
0.8,0.99,5000000,3996.638571428589,157,192592,1683.0796525478363
1.0,0.99,5000000,3631.966607142869,660,268142,1576.643490076065
0.9,0.99,5000000,3679.7853571428823,151,175724,1528.107492685318
0.8,0.99,5000000,3915.4026785714314,146,185172,1645.3723890781403
0.9,0.99,5000000,3447.1610714285766,152,180408,1509.1890482902527
0.9,0.99,5000000,3477.379285714295,170,194760,1528.6771032810211
0.0,0.99,500000,6926.604642857252,221,224992,269.01962637901306
0.9,0.99,5000000,3611.96214285716,169,186610,1530.7910296916962
0.9,0.99,5000000,3387.1714285714406,155,173476,1496.1293952465057
0.9,0.99,5000000,3465.2326785714395,152,170914,1519.6857681274414
0.9,0.99,5000000,3618.0403571428697,154,190512,1509.038287639618
0.1,0.99,500000,6153.687500000049,197,207936,235.2458291053772
0.9,0.99,5000000,3469.8189285714407,149,171734,1549.2471914291382
0.9,0.99,5000000,3513.4867857142895,164,180226,1518.942274093628
0.9,0.99,5000000,3485.442142857154,157,176484,1527.3392570018768
0.9,0.99,5000000,3468.8767857142893,153,174614,1515.1887986660004
0.9,0.99,5000000,3448.0682142857268,160,201030,1564.1843132972717
0.9,0.99,5000000,3384.1103571428735,138,164208,1558.229778289795
0.2,0.99,500000,5321.665357142927,196,206410,219.8470025062561
0.9,0.99,5000000,3347.7226785714306,145,168872,1521.1968042850494
0.9,0.99,5000000,3439.5701785714455,154,182552,1501.5817062854767
0.3,0.99,500000,5211.464107142924,199,208566,208.42768383026123
0.4,0.99,500000,4553.679821428588,196,210688,193.06752347946167
0.9,0.99,5000000,3429.594285714293,147,174960,1563.0238292217255
0.5,0.99,500000,4038.653035714304,189,192736,184.2168300151825
0.6,0.99,500000,3863.507857142863,192,188854,175.63701605796814
1.0,0.99,5000000,3484.008571428584,625,275318,1598.4579830169678
0.7,0.99,500000,3340.6382142857133,193,194414,170.00806164741516
0.9,0.99,5000000,3514.917678571443,160,173138,1540.159972190857
1.0,0.99,5000000,3455.86553571429,619,269944,1526.5825769901276
1.0,0.99,5000000,3619.530178571452,709,266436,1560.863354921341
0.8,0.99,500000,3469.5005357142913,204,185528,170.96062660217285
1.0,0.99,5000000,3551.1380357142916,500,259870,1545.6598052978516
0.0,0.99,500000,7108.51232142869,222,251396,293.64345955848694
0.0,0.99,500000,6834.518392857254,204,225090,264.56769251823425
1.0,0.99,5000000,3338.9282142857223,383,280638,1587.642238855362
0.9,0.99,500000,3203.114642857149,196,193870,159.27431201934814
0.0,0.99,500000,6790.268750000058,210,227244,268.3578085899353
1.0,0.99,5000000,3578.184821428577,864,284972,1524.4033851623535
0.0,0.99,500000,6705.224285714355,203,228604,246.79082489013672
1.0,0.99,5000000,3379.5814285714255,734,299394,1560.897432088852
1.0,0.99,5000000,3506.3726785714416,442,252716,1633.5840601921082
1.0,0.99,5000000,3545.521428571454,717,256928,1558.3646092414856
1.0,0.99,500000,3089.8094642857236,391,259048,158.7494342327118
1.0,0.99,5000000,3611.577857142861,550,262360,1563.9452252388
0.1,0.99,500000,6183.943571428623,204,215946,268.1653938293457
0.0,0.99,500000,6881.1837500001275,214,236682,256.0834491252899
0.1,0.99,500000,6493.771964285806,203,222642,265.8002016544342
1.0,0.99,5000000,3700.9669642857216,507,256206,1591.025140762329
0.1,0.99,500000,6433.2048214286315,198,207570,252.83793687820435
1.0,0.99,5000000,3410.0101785714282,576,273396,1591.916048526764
0.0,0.99,500000,7034.64892857156,203,227216,274.16151881217957
0.1,0.99,500000,6110.268750000066,209,218388,231.86198139190674
1.0,0.99,5000000,3614.1230357142886,700,265808,1584.3637084960938
1.0,0.99,5000000,3741.1912500000044,468,269202,1652.6632974147797
0.0,0.99,500000,6728.085000000095,215,238330,274.1928083896637
0.0,0.99,500000,6887.186964285802,219,224660,273.4063227176666
0.0,0.99,500000,6811.235535714381,212,237044,248.52383875846863
0.2,0.99,500000,5501.820892857208,193,218210,222.7944474220276
1.0,0.99,5000000,3638.7682142857343,356,259710,1597.915955066681
0.1,0.99,500000,6436.93303571434,208,217338,229.09470653533936
0.2,0.99,500000,5540.533214285761,194,216592,227.8731987476349
0.0,0.99,500000,6910.70892857152,209,227594,272.455938577652
0.2,0.99,500000,5482.5362500000565,187,201038,224.98087430000305
0.0,0.99,500000,6841.977321428692,214,236220,259.69912791252136
0.2,0.99,500000,5485.723214285746,203,206018,216.71830439567566
0.1,0.99,500000,6202.348750000065,204,238604,263.8596658706665
0.1,0.99,500000,6300.7016071429125,207,219094,231.62576127052307
0.3,0.99,500000,4641.887857142878,191,210676,203.09477400779724
0.1,0.99,500000,6088.429464285776,203,216754,246.6319875717163
0.1,0.99,500000,6628.350535714361,213,227178,256.2929377555847
0.2,0.99,500000,5798.346785714353,199,207608,211.50892543792725
0.3,0.99,500000,5016.8939285714605,203,218670,213.34025239944458
0.3,0.99,500000,4983.1044642857405,205,213184,219.86817026138306
0.1,0.99,500000,6011.976964285786,194,214482,220.4128394126892
0.1,0.99,500000,6057.291428571503,211,219976,257.71790647506714
0.3,0.99,500000,4816.795535714315,198,196096,196.56778120994568
0.0,0.99,1000000,7519.650535714381,200,222492,595.0100703239441
0.2,0.99,500000,5664.916250000046,200,222260,243.20400047302246
1.0,0.99,5000000,3616.7680357142904,538,257186,1590.4253387451172
0.4,0.99,500000,4243.663392857169,182,193372,189.29222011566162
0.2,0.99,500000,5516.653035714321,199,219770,207.11406302452087
0.3,0.99,500000,4901.670535714305,199,226682,192.4435772895813
0.2,0.99,500000,5401.410714285768,195,202942,223.88919305801392
0.2,0.99,500000,5376.121964285742,190,206414,225.7961230278015
0.4,0.99,500000,4483.519642857149,206,219582,198.78249335289001
0.4,0.99,500000,4356.496071428594,198,197250,203.72328448295593
0.4,0.99,500000,4514.628392857156,196,195274,182.64752221107483
0.2,0.99,500000,5541.398571428658,214,228752,210.49957489967346
0.2,0.99,500000,5386.807321428592,208,219224,219.0726044178009
0.5,0.99,500000,4125.009821428603,195,194500,193.07970094680786
0.3,0.99,500000,4841.9142857143015,201,197712,214.2290482521057
0.3,0.99,500000,4705.5446428571795,195,193504,195.23193097114563
0.4,0.99,500000,4313.170892857148,194,197388,183.89266872406006
0.5,0.99,500000,4051.123035714299,189,187770,183.75406527519226
0.3,0.99,500000,5016.224821428607,202,207518,210.9129912853241
0.3,0.99,500000,5045.263928571441,198,200086,212.18028616905212
0.5,0.99,500000,4055.076964285729,204,196664,174.87098383903503
0.5,0.99,500000,4154.0667857143,198,182316,193.1862654685974
0.3,0.99,500000,5164.6360714286,192,193958,201.08507919311523
0.3,0.99,500000,4918.165178571448,209,202938,206.47486972808838
0.6,0.99,500000,3838.9144642857323,194,193450,182.19477653503418
0.5,0.99,500000,4071.8803571428803,199,188902,171.35167241096497
0.4,0.99,500000,4212.96035714287,191,192780,193.9086720943451
0.4,0.99,500000,4505.33803571431,200,201982,189.57919073104858
0.6,0.99,500000,3823.928571428577,188,182502,183.97095370292664
0.6,0.99,500000,3785.426964285731,191,189808,168.72928309440613
0.4,0.99,500000,4428.097678571439,197,218458,201.96342945098877
1.0,0.99,5000000,3404.6473214285697,588,242652,1595.0308520793915
0.4,0.99,500000,4659.5175000000145,209,210784,208.89759421348572
0.6,0.99,500000,3582.0694642857015,198,180600,178.28829765319824
0.1,0.99,1000000,6801.539285714401,178,203872,541.7691740989685
0.4,0.99,500000,4356.820178571442,198,189552,184.72761225700378
0.4,0.99,500000,4620.036964285732,204,202832,206.84255957603455
0.7,0.99,500000,3617.5823214285783,200,192238,170.7072811126709
0.6,0.99,500000,3811.5271428571436,196,197882,167.45558714866638
0.5,0.99,500000,4103.471428571447,194,184990,181.02150201797485
0.5,0.99,500000,3920.279107142863,192,184888,184.620356798172
0.7,0.99,500000,3559.264285714288,189,207154,172.1947739124298
0.7,0.99,500000,3690.9064285714344,193,199490,166.1662449836731
0.7,0.99,500000,3498.8225000000025,197,184682,173.01501750946045
0.5,0.99,500000,4096.421428571437,191,200034,184.87838554382324
0.5,0.99,500000,3989.9442857143,194,190966,188.89108538627625
0.5,0.99,500000,4142.241428571435,195,193610,172.6315484046936
0.8,0.99,500000,3336.239107142872,200,196030,168.38421750068665
0.7,0.99,500000,3475.2678571428646,205,209940,161.91004586219788
0.5,0.99,500000,4084.431071428593,194,188530,188.26451683044434
0.6,0.99,500000,3864.5803571428705,208,199246,168.00641059875488
0.8,0.99,500000,3258.532499999995,201,177388,168.27454829216003
0.6,0.99,500000,3635.229821428578,193,184530,181.04565596580505
0.8,0.99,500000,3291.2214285714276,209,178882,153.28531169891357
0.8,0.99,500000,3337.2857142857088,205,189960,169.3702998161316
0.6,0.99,500000,3698.6730357142887,209,193468,180.62632298469543
0.6,0.99,500000,3710.1610714285803,195,198314,165.12291145324707
0.6,0.99,500000,3733.1651785714284,195,181646,181.0934841632843
0.8,0.99,500000,3292.413750000003,200,190628,159.82970643043518
0.9,0.99,500000,3234.887500000005,206,188926,166.86985516548157
0.7,0.99,500000,3590.332142857152,185,185946,159.41226649284363
0.9,0.99,500000,3024.8416071428605,200,186290,147.51513600349426
0.6,0.99,500000,3858.0453571428648,188,191242,178.7378044128418
0.9,0.99,500000,3160.905714285717,205,222366,161.93062543869019
0.7,0.99,500000,3533.650178571428,204,187880,174.31173586845398
0.2,0.99,1000000,6181.7730357143655,179,198316,483.6136157512665
0.9,0.99,500000,3180.4308928571395,194,189600,160.43102097511292
0.7,0.99,500000,3673.8903571428636,201,187898,159.85560655593872
0.7,0.99,500000,3447.6705357142987,194,189374,171.62667036056519
0.7,0.99,500000,3360.796607142856,204,174454,171.5296037197113
0.9,0.99,500000,3206.1448214285692,205,203384,153.10361409187317
1.0,0.99,500000,3039.2614285714326,413,243988,166.43681168556213
0.8,0.99,500000,3152.4973214285783,200,192044,153.4406509399414
1.0,0.99,500000,3077.9005357142837,369,324038,150.92086791992188
1.0,0.99,500000,3048.8033928571467,280,264452,161.65319871902466
0.7,0.99,500000,3347.9387500000016,200,190664,176.14998984336853
0.8,0.99,500000,3461.4894642857184,193,198758,171.11764931678772
1.0,0.99,500000,3129.709821428565,274,244676,159.94634222984314
0.8,0.99,500000,3424.803035714299,208,185942,161.50234723091125
0.8,0.99,500000,3269.8642857142795,211,193296,165.77759909629822
0.8,0.99,500000,3361.380178571424,195,175260,170.28204798698425
1.0,0.99,500000,3125.3035714285807,309,246816,155.38189315795898
0.9,0.99,500000,3205.590000000001,205,201246,153.48577976226807
0.8,0.99,500000,3363.910714285714,206,200494,164.18634629249573
0.9,0.99,500000,3172.448571428579,206,192668,165.04548859596252
0.9,0.99,500000,3105.9283928571463,192,191300,149.2045121192932
0.9,0.99,500000,3163.35053571428,224,206972,162.6872296333313
0.9,0.99,500000,3275.053571428573,198,190030,167.36154174804688
1.0,0.99,500000,3109.332857142865,365,288252,155.52199482917786
0.3,0.99,1000000,5566.945357142931,173,216806,430.4235899448395
0.9,0.99,500000,3257.3725000000045,197,192630,166.99776363372803
1.0,0.99,500000,3202.1687500000094,398,310274,167.3523633480072
1.0,0.99,500000,3155.43357142857,341,256874,151.18810892105103
1.0,0.99,500000,3246.481607142866,362,282534,167.75195813179016
1.0,0.99,500000,3082.763928571427,300,251018,163.40475392341614
1.0,0.99,500000,3216.500357142871,317,245300,165.24402284622192
0.0,0.99,1000000,7568.351071428685,208,237734,555.1454966068268
0.0,0.99,1000000,7242.325892857277,184,212482,583.8381223678589
0.0,0.99,1000000,7416.45357142871,192,224620,590.2755966186523
0.4,0.99,1000000,4773.966071428584,175,183908,371.3560860157013
0.0,0.99,1000000,7502.480892857251,201,233320,585.5809354782104
0.0,0.99,1000000,7270.809821428682,193,216134,552.7403001785278
0.0,0.99,1000000,7307.284642857271,183,213032,550.6449797153473
0.0,0.99,1000000,7187.063214285807,185,238838,602.8375782966614
0.0,0.99,1000000,7158.715892857287,192,208886,602.0279719829559
0.0,0.99,1000000,7471.260535714415,200,225964,618.7548367977142
0.5,0.99,1000000,4533.444107142882,165,185550,362.1329016685486
0.1,0.99,1000000,7224.223214285833,197,223538,527.6648576259613
0.0,0.99,1000000,7407.367500000122,190,206936,584.5065085887909
0.1,0.99,1000000,6948.586785714379,191,215218,557.1756076812744
0.1,0.99,1000000,6878.917500000107,184,198476,551.2125153541565
0.1,0.99,1000000,6943.923750000118,180,203162,491.72549843788147
0.1,0.99,1000000,6942.311071428677,189,220440,536.5316665172577
0.1,0.99,1000000,6924.6962500001055,190,200868,514.2163743972778
0.6,0.99,1000000,4269.699107142873,175,200672,347.5558421611786
0.1,0.99,1000000,6937.795000000081,182,230500,530.3301491737366
0.1,0.99,1000000,6892.68571428583,194,286536,553.5750098228455
0.2,0.99,1000000,6182.81035714296,187,207664,460.5377552509308
0.1,0.99,1000000,6755.041785714393,184,202478,556.8867218494415
0.1,0.99,1000000,6799.8682142858515,180,217470,561.8912818431854
0.2,0.99,1000000,6027.863571428629,178,201632,484.07040143013
0.1,0.99,1000000,6839.137321428699,185,202292,539.6372067928314
0.2,0.99,1000000,6155.903035714363,177,213244,454.4589784145355
0.2,0.99,1000000,6469.5001785715185,173,201342,511.69562435150146
0.2,0.99,1000000,6360.248750000085,178,232574,497.65476870536804
0.7,0.99,1000000,3626.480714285728,178,173972,325.5382881164551
0.2,0.99,1000000,6278.034464285801,190,210550,448.5053472518921
0.2,0.99,1000000,6196.236071428672,187,214602,446.3296811580658
0.3,0.99,1000000,5406.147142857188,179,209116,395.464928150177
0.2,0.99,1000000,6271.645178571505,186,218522,502.3977508544922
0.8,0.99,1000000,3360.7526785714413,170,171586,314.0113446712494
0.3,0.99,1000000,5641.8503571429255,182,204018,455.9023108482361
0.3,0.99,1000000,5775.948750000062,173,201550,424.7888915538788
0.2,0.99,1000000,6097.822857142924,179,213632,480.13520312309265
0.3,0.99,1000000,5311.965892857209,173,192676,424.78889179229736
0.2,0.99,1000000,6428.870714285823,180,208702,501.5446434020996
0.2,0.99,1000000,6468.749642857259,177,210294,501.87989950180054
0.3,0.99,1000000,6006.433928571487,188,205808,448.0637755393982
0.3,0.99,1000000,5737.252857142922,184,203066,405.7590982913971
0.4,0.99,1000000,4823.878750000016,179,201178,358.3295958042145
0.9,0.99,1000000,3245.7171428571432,183,175722,288.0176486968994
0.3,0.99,1000000,5804.31910714291,190,214040,426.4934663772583
0.4,0.99,1000000,5382.2180357143425,181,196698,382.9810607433319
0.3,0.99,1000000,5570.55892857149,179,203766,441.1368479728699
0.4,0.99,1000000,4995.851607142897,183,203520,405.6689944267273
0.4,0.99,1000000,4882.465535714307,181,188216,390.69316387176514
0.3,0.99,1000000,5893.572857142928,186,207392,454.095018863678
0.3,0.99,1000000,5511.969642857198,170,221228,459.9345672130585
0.4,0.99,1000000,4995.941250000019,168,196814,415.82438707351685
0.4,0.99,1000000,5052.52642857147,171,186814,375.89311957359314
0.3,0.99,1000000,5600.998035714357,178,200368,467.5765612125397
1.0,0.99,1000000,3299.096071428568,369,258974,296.4433705806732
0.5,0.99,1000000,4066.590535714307,161,189042,342.5525412559509
0.4,0.99,1000000,5131.6173214285955,183,201110,378.35156297683716
0.5,0.99,1000000,4321.274107142871,183,193886,348.02710795402527
0.5,0.99,1000000,4247.779642857169,175,196310,367.81445026397705
0.5,0.99,1000000,4688.462678571478,180,198226,384.86202025413513
0.4,0.99,1000000,5016.865178571462,185,196686,399.21704602241516
0.5,0.99,1000000,4337.3007142857305,178,205070,334.6524405479431
0.5,0.99,1000000,4118.940535714307,175,196848,368.0451204776764
0.4,0.99,1000000,5139.412321428615,176,189210,413.4201898574829
0.6,0.99,1000000,3979.8328571428756,166,192082,320.1776554584503
0.4,0.99,1000000,4952.192321428601,181,190772,401.84291434288025
0.4,0.99,1000000,5049.823214285745,183,198020,406.4674263000488
0.5,0.99,1000000,4647.342857142901,172,209532,368.8543395996094
0.6,0.99,1000000,4070.8448214285636,190,176694,318.00138878822327
0.6,0.99,1000000,3839.6926785714304,182,188306,344.6688208580017
0.6,0.99,1000000,4091.2892857142956,182,180734,349.52873158454895
0.5,0.99,1000000,4379.006250000015,177,187084,370.7488865852356
0.6,0.99,1000000,4084.8805357143146,182,186404,327.0891332626343
0.7,0.99,1000000,3474.5141071428625,179,183348,310.20930886268616
0.6,0.99,1000000,4172.234642857178,175,190088,353.861798286438
0.5,0.99,1000000,4677.94678571432,187,186718,382.7061688899994
0.5,0.99,1000000,4597.989285714319,188,201844,382.9238758087158
0.5,0.99,1000000,4692.952857142884,185,196754,370.6931538581848
0.6,0.99,1000000,4010.0501785714537,181,184246,326.5238857269287
0.7,0.99,1000000,3616.680000000007,182,210130,305.3144657611847
0.7,0.99,1000000,3776.526785714297,179,171734,332.9422116279602
0.7,0.99,1000000,3677.468035714297,188,183188,322.37059688568115
0.8,0.99,1000000,3513.26892857144,176,181790,287.7645993232727
0.7,0.99,1000000,3582.346250000016,178,171986,311.0783278942108
0.6,0.99,1000000,4074.68267857145,165,179372,352.5208489894867
0.7,0.99,1000000,3776.9574999999963,185,181736,348.2197742462158
0.6,0.99,1000000,4018.3069642857217,184,184872,352.7072973251343
0.6,0.99,1000000,4342.952500000025,174,191376,362.5977189540863
0.7,0.99,1000000,3519.780535714305,190,175510,297.3957498073578
0.8,0.99,1000000,3334.903571428581,169,169938,287.6671576499939
0.6,0.99,1000000,4079.01000000002,172,190546,352.5627965927124
0.9,0.99,1000000,3249.12410714287,183,187676,280.6818389892578
0.8,0.99,1000000,3268.269821428582,182,188382,315.3656017780304
0.8,0.99,1000000,3444.9528571428623,178,187496,317.35423707962036
0.8,0.99,1000000,3419.7873214285723,184,172440,298.09402775764465
0.7,0.99,1000000,3701.9905357142916,168,179922,343.0384373664856
0.8,0.99,1000000,3267.1107142857227,186,194900,315.35981583595276
0.9,0.99,1000000,3183.0296428571414,177,186994,274.67940306663513
0.8,0.99,1000000,3409.4564285714414,171,167714,296.42181420326233
0.7,0.99,1000000,3751.9869642857207,179,181092,335.0232391357422
0.7,0.99,1000000,3719.9082142857287,178,182684,346.2340941429138
0.7,0.99,1000000,3890.16339285714,185,189238,334.5519826412201
1.0,0.99,1000000,3341.712678571433,325,267570,299.9049253463745
0.9,0.99,1000000,3211.2667857142874,184,177814,307.6218240261078
0.9,0.99,1000000,3349.82410714285,174,171602,283.8731050491333
0.9,0.99,1000000,3224.691607142856,170,179360,315.9083163738251
0.8,0.99,1000000,3487.941071428587,187,196056,313.393506526947
0.9,0.99,1000000,3267.5716071428606,179,170126,306.42434215545654
1.0,0.99,1000000,3179.4901785714324,457,332796,282.6657464504242
0.9,0.99,1000000,3251.215535714285,183,182712,290.38591623306274
0.8,0.99,1000000,3191.9460714285715,181,175380,310.33456468582153
0.8,0.99,1000000,3376.5567857142946,179,182040,323.20561003685
0.8,0.99,1000000,3545.019642857143,174,188350,334.5348391532898
1.0,0.99,1000000,3333.5228571428606,423,267050,283.84600830078125
1.0,0.99,1000000,3105.432857142862,333,299730,303.9742817878723
1.0,0.99,1000000,3215.1196428571493,363,276366,307.7943365573883
0.0,0.99,3000000,7730.409642857272,155,238300,1919.4676959514618
0.9,0.99,1000000,3161.9701785714456,168,165164,309.48528575897217
1.0,0.99,1000000,3290.425535714293,354,303308,306.8499252796173
1.0,0.99,1000000,3332.9110714285744,500,328216,294.05948066711426
0.9,0.99,1000000,3346.5858928571542,185,180784,308.0801582336426
0.9,0.99,1000000,3308.194642857144,183,187992,313.7296931743622
0.9,0.99,1000000,3441.023035714295,188,173358,314.9855589866638
1.0,0.99,1000000,3321.474642857149,517,243752,316.96236753463745
1.0,0.99,1000000,3208.5196428571467,295,263798,310.7095456123352
1.0,0.99,1000000,3274.685535714286,323,253556,318.5181839466095
1.0,0.99,1000000,3249.836785714297,399,258058,302.88484287261963
0.0,0.99,3000000,7545.713392857274,165,218082,1777.463660955429
0.0,0.99,3000000,7887.028571428686,163,223896,1957.1804683208466
0.1,0.99,3000000,6982.362500000135,161,198546,1707.1682169437408
0.0,0.99,3000000,7875.123571428711,147,231906,1942.2502999305725
0.0,0.99,3000000,7817.337142857256,164,225138,1882.3087179660797
0.0,0.99,3000000,8002.253571428703,145,228936,2012.2022919654846
0.0,0.99,3000000,8488.811428571546,154,252522,2105.9228146076202
0.0,0.99,3000000,7565.022678571544,152,232234,2037.7118384838104
0.0,0.99,3000000,7788.104107143007,167,222870,2019.9119274616241
0.0,0.99,3000000,7551.510714285874,173,224454,2059.833053588867
0.0,0.99,3000000,8332.215714285852,172,260272,2158.2963061332703
0.0,0.99,3000000,7792.972142857289,128,225356,2261.4731335639954
0.1,0.99,3000000,7536.799821428683,168,241626,1689.3459095954895
0.1,0.99,3000000,7259.861964285853,130,207450,1660.918165922165
0.2,0.99,3000000,6663.808035714409,160,203542,1571.6150858402252
0.1,0.99,3000000,7314.629464285813,146,224588,1649.7242255210876
0.1,0.99,3000000,7689.434464285851,161,215078,1829.1132264137268
0.1,0.99,3000000,6987.079642857243,137,203212,1797.9984884262085
0.1,0.99,3000000,7405.7762500001245,150,217760,1888.1745326519012
0.1,0.99,3000000,7403.935535714423,152,233514,1820.3917322158813
0.1,0.99,3000000,7491.177142857277,173,207778,1923.932179927826
0.1,0.99,3000000,7137.586607142973,163,200814,1793.2761945724487
0.1,0.99,3000000,7041.497321428668,166,208204,1859.0082852840424
0.1,0.99,3000000,7548.666964285833,164,217772,1944.2463881969452
0.2,0.99,3000000,6797.904285714379,159,183288,1514.0722036361694
0.3,0.99,3000000,5979.645535714364,149,186708,1475.9668934345245
0.2,0.99,3000000,6874.465714285846,145,208368,1596.8098826408386
0.2,0.99,3000000,6761.123928571565,164,198830,1561.577094078064
0.2,0.99,3000000,6643.479285714388,158,199614,1662.4267914295197
0.2,0.99,3000000,6835.035714285813,165,212440,1644.5850784778595
0.2,0.99,3000000,6750.7451785715375,158,234002,1642.3259477615356
0.2,0.99,3000000,6635.674464285816,144,201288,1706.4490866661072
0.2,0.99,3000000,6615.310535714368,153,200484,1640.6175215244293
0.2,0.99,3000000,6909.452857142985,160,206578,1656.1579818725586
0.4,0.99,3000000,5726.407857142936,161,189576,1337.5028750896454
0.3,0.99,3000000,6014.274107142924,146,177100,1402.372401714325
0.3,0.99,3000000,5960.0985714286635,148,179448,1373.4108276367188
0.2,0.99,3000000,6747.821964285845,159,197784,1747.1206271648407
0.2,0.99,3000000,6513.853214285785,152,203356,1716.9807424545288
0.3,0.99,3000000,6058.807678571511,165,202530,1419.1149582862854
0.3,0.99,3000000,6171.839821428665,138,203258,1413.0697894096375
0.3,0.99,3000000,6054.04500000009,145,190056,1489.616225719452
0.3,0.99,3000000,6291.108571428659,173,205484,1549.6773414611816
0.3,0.99,3000000,5994.763750000084,148,185640,1525.8170940876007
0.5,0.99,3000000,5581.228035714348,165,218022,1256.692260980606
0.4,0.99,3000000,5424.401607142923,142,180790,1263.2669563293457
0.3,0.99,3000000,6062.537321428652,166,197426,1480.2379732131958
0.4,0.99,3000000,5461.818392857211,143,172488,1245.4763615131378
0.3,0.99,3000000,6187.732321428679,147,186426,1547.803956747055
0.3,0.99,3000000,6258.709642857247,137,199632,1574.5914356708527
0.3,0.99,3000000,6187.747857142923,147,195986,1588.1734750270844
0.4,0.99,3000000,5577.860892857186,167,225968,1314.8189697265625
0.4,0.99,3000000,5771.328571428647,163,203020,1311.8436224460602
0.4,0.99,3000000,5719.069107142934,156,193594,1413.7859287261963
0.6,0.99,3000000,4907.392857142876,156,203948,1083.4985947608948
0.4,0.99,3000000,5586.445892857205,158,192252,1424.843539237976
0.5,0.99,3000000,5006.486071428609,144,186998,1131.3117866516113
0.4,0.99,3000000,5709.24125000007,154,191404,1438.2022202014923
0.5,0.99,3000000,5285.1562500000455,167,203032,1272.3510553836823
0.4,0.99,3000000,5577.892142857204,160,188022,1379.6275615692139
0.4,0.99,3000000,5683.967857142925,166,180630,1404.4315428733826
0.5,0.99,3000000,4986.223035714314,157,184096,1123.057800769806
0.5,0.99,3000000,5306.90535714291,164,199916,1134.127287387848
0.4,0.99,3000000,5520.427857142907,143,194318,1366.1849126815796
0.4,0.99,3000000,5388.230535714331,152,184450,1395.3676085472107
0.7,0.99,3000000,4025.527857142875,161,192314,1033.950761795044
0.6,0.99,3000000,4837.81375000003,154,178530,1063.5928268432617
0.5,0.99,3000000,5284.723928571469,149,178110,1280.3913626670837
0.5,0.99,3000000,5076.377857142914,144,184590,1269.6932771205902
0.6,0.99,3000000,4709.9091071428775,161,178352,1050.9169027805328
0.5,0.99,3000000,5119.352321428627,146,185564,1274.694622516632
0.5,0.99,3000000,5165.837857142913,159,184382,1335.1908237934113
0.6,0.99,3000000,4793.812678571457,150,186964,1070.9872162342072
0.6,0.99,3000000,4630.796250000019,152,183302,1095.4798974990845
0.5,0.99,3000000,5060.330535714338,152,181738,1301.7256126403809
0.8,0.99,3000000,3800.7142857142853,154,185162,919.8785219192505
0.5,0.99,3000000,5156.134285714325,151,196702,1228.4519016742706
0.5,0.99,3000000,5105.896250000021,165,183758,1241.9032237529755
0.7,0.99,3000000,4109.46267857146,162,176014,981.5757923126221
0.7,0.99,3000000,4148.223214285728,162,178928,989.7268109321594
0.6,0.99,3000000,4715.060892857196,148,179634,1105.7279706001282
0.6,0.99,3000000,4453.731964285721,159,189648,1118.369652748108
0.6,0.99,3000000,4907.332500000028,161,176232,1111.9028701782227
0.7,0.99,3000000,3885.2082142857294,155,175024,924.3038523197174
0.7,0.99,3000000,4136.347142857164,163,179020,969.3519349098206
0.9,0.99,3000000,3463.4092857142923,169,182458,898.467199087143
0.6,0.99,3000000,4575.629107142889,158,192740,1180.8276405334473
0.6,0.99,3000000,4491.0007142857585,160,177530,1122.7230048179626
0.8,0.99,3000000,3878.039285714309,154,180024,909.6189396381378
0.8,0.99,3000000,3708.307321428562,163,168710,868.4084732532501
0.6,0.99,3000000,4567.680178571467,144,168582,1149.9230782985687
0.6,0.99,3000000,4805.108392857168,162,195276,1160.7864995002747
0.7,0.99,3000000,4289.123750000019,155,180038,1020.4021501541138
0.7,0.99,3000000,3925.45321428573,155,175908,1010.0176224708557
0.7,0.99,3000000,4051.244821428584,159,180570,1036.8793556690216
0.8,0.99,3000000,3581.0685714285873,150,170002,907.3738296031952
0.8,0.99,3000000,3894.339107142862,148,175914,942.3970158100128
1.0,0.99,3000000,3381.633035714281,452,246412,882.4592554569244
0.9,0.99,3000000,3656.0198214285833,159,177942,850.512815952301
0.7,0.99,3000000,4135.429464285738,158,173832,1028.829817533493
0.7,0.99,3000000,3904.6585714285766,154,166256,998.834851026535
0.9,0.99,3000000,3539.5685714285864,155,162468,873.8049335479736
0.7,0.99,3000000,4092.3850000000193,159,200992,1058.7555499076843
0.8,0.99,3000000,3771.885357142867,153,187384,934.9292702674866
0.7,0.99,3000000,4145.714464285732,157,175062,1075.609789609909
0.8,0.99,3000000,3735.1039285714446,158,195198,971.4709451198578
0.9,0.99,3000000,3296.777857142857,156,168474,887.9444913864136
0.8,0.99,3000000,3715.890892857166,155,165966,946.99591755867
0.9,0.99,3000000,3549.262499999992,154,162856,922.8057172298431
1.0,0.99,3000000,3387.298928571436,452,265760,850.0830972194672
0.8,0.99,3000000,3570.1717857142953,148,155632,968.241865158081
0.8,0.99,3000000,3835.205000000019,160,188630,981.9669632911682
1.0,0.99,3000000,3527.1323214285803,372,336830,894.4036812782288
0.9,0.99,3000000,3327.9775000000036,171,173776,870.9865798950195
0.8,0.99,3000000,3574.7119642857265,155,167170,924.795206785202
0.9,0.99,3000000,3355.1914285714447,167,168184,877.0088865756989
0.8,0.99,3000000,3728.372321428582,166,174992,1005.9362950325012
1.0,0.99,3000000,3413.694464285719,566,232562,864.6413371562958
0.9,0.99,3000000,3379.229999999999,163,188086,901.1812298297882
1.0,0.99,3000000,3598.422857142856,341,245526,887.8351321220398
0.9,0.99,3000000,3258.092321428575,153,170222,931.5603740215302
0.9,0.99,3000000,3311.3521428571516,167,173806,895.2935175895691
1.0,0.99,3000000,3272.702321428575,385,293682,915.0037565231323
0.9,0.99,3000000,3405.0442857142916,149,155362,894.3696811199188
1.0,0.99,3000000,3403.4601785714426,544,248928,912.7402286529541
0.9,0.99,3000000,3402.573928571435,157,170362,897.4716000556946
1.0,0.99,3000000,3497.7560714285714,429,283914,954.5429928302765
1.0,0.99,3000000,3359.4416071428636,519,263486,937.2839570045471
1.0,0.99,3000000,3563.9764285714373,632,278300,974.1894769668579
1.0,0.99,3000000,3408.898571428571,302,285534,932.5225887298584
1.0,0.99,3000000,3625.6912500000085,626,278644,946.415125131607
0.0,0.99,5000000,8131.5516071429665,107,238074,3411.180556535721
0.0,0.99,5000000,7799.306607142992,165,253764,3172.0818297863007
0.0,0.99,5000000,7957.828214285862,151,226546,3222.834225654602
0.0,0.99,5000000,8162.94696428586,137,243336,3162.4014332294464
0.0,0.99,5000000,8075.513035714399,133,233902,3388.404279232025
0.0,0.99,5000000,8145.64500000014,157,230792,3501.146113395691
0.0,0.99,5000000,8229.206607142956,119,240370,3672.120729446411
0.0,0.99,5000000,8218.63464285726,104,241142,3558.444525718689
0.0,0.99,5000000,8091.211428571566,125,226608,3465.2876369953156
0.0,0.99,5000000,8150.098392857259,118,234574,3531.0140750408173
0.1,0.99,5000000,7700.326250000131,129,247236,3180.168018102646
0.0,0.99,5000000,8254.672321428705,160,248856,3673.4929258823395
0.0,0.99,5000000,8154.04392857155,112,235292,3599.7763936519623
0.1,0.99,5000000,7776.123035714417,128,238156,2844.0277128219604
0.1,0.99,5000000,7684.850892857275,130,218480,3018.774615049362
0.1,0.99,5000000,7643.326428571555,151,245716,3196.995945930481
0.1,0.99,5000000,7235.166071428675,112,206396,3158.58375954628
0.1,0.99,5000000,7793.090892857303,116,220138,3477.687695503235
0.1,0.99,5000000,7480.479107142974,130,230668,3192.5228140354156
0.2,0.99,5000000,6972.11767857156,153,228028,2811.495992422104
0.1,0.99,5000000,8024.252857142963,162,249468,3290.387654066086
0.2,0.99,5000000,6862.982500000119,135,221574,2738.920323371887
0.1,0.99,5000000,7556.548392857243,140,244486,3406.327295780182
0.2,0.99,5000000,6986.157678571531,148,208648,2548.108752012253
0.1,0.99,5000000,7923.076250000128,135,236002,3466.47457075119
0.1,0.99,5000000,7760.39214285728,115,240378,3329.439006090164
0.1,0.99,5000000,7816.265000000086,138,229394,3355.9026696681976
0.2,0.99,5000000,7185.5251785715545,125,216002,2720.6589221954346
0.2,0.99,5000000,6621.701250000093,141,200416,2909.543082714081
0.3,0.99,5000000,6137.058750000064,150,191168,2504.3195526599884
0.2,0.99,5000000,7260.6767857143905,149,230376,2925.945072412491
0.3,0.99,5000000,6445.838928571512,121,218914,2529.1035237312317
0.2,0.99,5000000,6826.890178571542,158,207438,2899.321355342865
0.2,0.99,5000000,7178.416428571575,157,221334,2995.655797958374
0.3,0.99,5000000,6624.05607142866,134,212106,2527.801165819168
0.2,0.99,5000000,7097.781071428681,143,217772,3034.3873431682587
0.2,0.99,5000000,7370.314464285872,151,218442,3233.676712036133
0.2,0.99,5000000,7355.207678571525,148,212184,2993.60098361969
0.2,0.99,5000000,6946.038571428706,125,224472,3000.1762511730194
0.3,0.99,5000000,6859.930178571542,150,218842,2640.079428911209
0.3,0.99,5000000,6358.267321428656,158,200748,2567.445761203766
0.4,0.99,5000000,5940.100178571508,137,191970,2368.5637650489807
0.4,0.99,5000000,6253.329464285799,157,215756,2374.8064455986023
0.3,0.99,5000000,5987.5250000000615,147,178778,2641.9833335876465
0.4,0.99,5000000,6014.733571428634,152,210232,2446.8240501880646
0.3,0.99,5000000,7145.176964285848,123,228224,2923.471230506897
0.3,0.99,5000000,6674.683035714371,158,222908,2810.0596969127655
0.3,0.99,5000000,6348.186071428675,139,197196,2639.4634182453156
0.3,0.99,5000000,6486.538392857229,120,203020,2792.7810020446777
0.4,0.99,5000000,6366.336428571471,158,226526,2506.330550432205
0.4,0.99,5000000,5546.317142857208,120,174980,2303.396551132202
0.3,0.99,5000000,6910.44821428579,151,231620,2896.915536880493
0.3,0.99,5000000,6658.670535714404,142,198518,2884.3196692466736
0.5,0.99,5000000,5279.583392857175,124,184002,2103.071752548218
0.5,0.99,5000000,5272.92714285716,129,194164,2197.5370256900787
0.5,0.99,5000000,5386.076071428629,151,200232,2064.920201778412
0.4,0.99,5000000,6264.64232142868,160,205348,2404.3520896434784
0.4,0.99,5000000,5798.880357142936,169,194988,2430.457266807556
0.4,0.99,5000000,6200.322857142941,127,193316,2534.416085958481
0.5,0.99,5000000,5506.939464285787,147,181094,2060.7209680080414
0.5,0.99,5000000,5137.677678571463,154,185284,2138.580707550049
0.6,0.99,5000000,4650.247142857185,147,174876,1846.9979033470154
0.4,0.99,5000000,6012.356250000064,139,196528,2572.5977935791016
0.4,0.99,5000000,6370.397857142937,148,203404,2593.430067539215
0.6,0.99,5000000,4882.5108928571735,134,188304,1821.9402823448181
0.4,0.99,5000000,6015.423928571495,141,192694,2597.1386132240295
0.6,0.99,5000000,4544.605535714324,137,184604,1760.2793695926666
0.4,0.99,5000000,5795.547500000076,139,200280,2583.6204907894135
0.5,0.99,5000000,5329.506071428644,136,186176,2170.611840724945
0.5,0.99,5000000,5284.712500000051,145,193032,2098.8471364974976
0.5,0.99,5000000,5255.473214285754,135,178556,2180.225592851639
0.6,0.99,5000000,4768.706607142887,159,182940,1904.3453588485718
0.7,0.99,5000000,4363.064642857175,153,169048,1780.7892589569092
0.6,0.99,5000000,5104.301607142921,148,185156,1935.8084247112274
0.7,0.99,5000000,3993.885892857151,146,183528,1596.5322363376617
0.7,0.99,5000000,4399.363392857178,143,174370,1671.3346061706543
0.5,0.99,5000000,5198.755178571498,135,178116,2223.4245924949646
0.5,0.99,5000000,5388.935000000046,122,184496,2122.776422739029
0.5,0.99,5000000,5442.251964285766,146,188164,2270.006191253662
0.5,0.99,5000000,5207.954464285743,166,195786,2301.8068404197693
0.6,0.99,5000000,5094.832142857175,151,201708,1940.9945826530457
0.7,0.99,5000000,4401.001607142887,145,181770,1699.564439535141
0.6,0.99,5000000,4799.494642857173,162,187054,1964.9401347637177
0.8,0.99,5000000,3857.8091071428835,156,173910,1650.153490304947
0.7,0.99,5000000,4479.411785714301,147,173072,1706.9454412460327
0.8,0.99,5000000,3790.8887500000246,142,168780,1489.5050847530365
0.6,0.99,5000000,4701.47089285718,149,184870,1996.1081237792969
0.8,0.99,5000000,3735.2339285714393,147,164990,1486.4716444015503
0.6,0.99,5000000,4961.6503571428975,141,187128,1979.767859697342
0.6,0.99,5000000,4965.968035714298,145,177510,2154.6646003723145
0.6,0.99,5000000,5032.546964285752,155,196724,2033.3736522197723
0.9,0.99,5000000,3410.07196428571,151,175532,1460.9683821201324
0.6,0.99,5000000,4805.157500000035,140,180732,2007.7405965328217
0.9,0.99,5000000,3624.4039285714416,151,160088,1414.794783115387
0.8,0.99,5000000,4013.353750000031,155,185290,1595.067865371704
0.8,0.99,5000000,3806.2478571428665,140,164926,1542.336760044098
0.7,0.99,5000000,4280.765535714315,153,189284,1874.825451374054
0.9,0.99,5000000,3547.50482142857,149,177308,1433.3791801929474
0.7,0.99,5000000,4351.495178571457,141,175126,1756.60187458992
0.7,0.99,5000000,4598.065357142887,166,185640,1908.852040529251
0.7,0.99,5000000,4499.073214285757,147,177240,1799.4735255241394
0.7,0.99,5000000,4506.148928571459,152,179070,1825.470852136612
1.0,0.99,5000000,3448.3067857142923,412,248626,1468.1165888309479
0.9,0.99,5000000,3445.4407142857262,159,161142,1450.4429240226746
1.0,0.99,5000000,3433.5828571428683,746,265566,1517.4919669628143
0.9,0.99,5000000,3587.006785714299,150,170174,1503.875107049942
0.7,0.99,5000000,4339.846607142895,145,185630,1726.85458278656
0.7,0.99,5000000,4370.4630357143005,152,185670,1801.3040907382965
1.0,0.99,5000000,3591.0830357142972,635,248884,1555.4168982505798
0.8,0.99,5000000,3862.893392857151,148,170838,1654.428050518036
0.8,0.99,5000000,4032.4057142857164,146,182720,1695.7811331748962
0.8,0.99,5000000,3911.8303571428833,156,176576,1698.8203988075256
0.8,0.99,5000000,3875.1078571428848,151,173074,1550.0878868103027
1.0,0.99,5000000,3425.3151785714285,507,283810,1444.469554901123
0.8,0.99,5000000,3937.9369642857396,151,175726,1600.8745591640472
1.0,0.99,5000000,3580.4994642857173,440,253664,1543.621045589447
0.9,0.99,5000000,3455.551071428585,140,184254,1464.5317237377167
0.8,0.99,5000000,3647.640892857152,141,161458,1625.8201701641083
0.8,0.99,5000000,4023.5712500000272,157,186448,1650.9282581806183
0.9,0.99,5000000,3482.6205357142962,143,166392,1513.3367385864258
0.9,0.99,5000000,3388.252142857145,162,178876,1514.4304950237274
0.9,0.99,5000000,3638.221785714297,153,183370,1511.6722300052643
0.9,0.99,5000000,3570.554464285728,154,166768,1529.8129019737244
1.0,0.99,5000000,3579.3498214285814,373,234316,1575.1522710323334
0.9,0.99,5000000,3585.8051785714465,141,175266,1536.6505374908447
0.9,0.99,5000000,3517.555357142868,159,199102,1597.577247619629
1.0,0.99,5000000,3497.4587500000125,461,241044,1538.4879612922668
1.0,0.99,5000000,3683.4473214285827,910,325056,1582.2694337368011
1.0,0.99,5000000,3391.4214285714397,373,222478,1536.9413158893585
1.0,0.99,5000000,3552.783035714303,522,258628,1568.8168597221375
1.0,0.99,5000000,3583.128750000004,738,247680,1578.345585823059
1.0,0.99,5000000,3423.774642857146,436,288032,1592.0457615852356
